Main Value,County,State
22.35,AUTAUGA,Alabama
21.21,BALDWIN,Alabama
23.53,BARBOUR,Alabama
37.21,BIBB,Alabama
31.03,BLOUNT,Alabama
20.0,BULLOCK,Alabama
29.46,BUTLER,Alabama
25.12,CALHOUN,Alabama
27.51,CHAMBERS,Alabama
35.17,CHEROKEE,Alabama
28.16,CHILTON,Alabama
16.13,CHOCTAW,Alabama
18.55,CLARKE,Alabama
27.85,CLAY,Alabama
27.78,CLEBURNE,Alabama
23.19,COFFEE,Alabama
22.37,COLBERT,Alabama
22.22,CONECUH,Alabama
34.69,COOSA,Alabama
34.36,COVINGTON,Alabama
29.73,CRENSHAW,Alabama
25.59,CULLMAN,Alabama
23.1,DALE,Alabama
26.0,DALLAS,Alabama
30.42,DE KALB,Alabama
22.33,ELMORE,Alabama
25.14,ESCAMBIA,Alabama
30.09,ETOWAH,Alabama
29.76,FAYETTE,Alabama
27.62,FRANKLIN,Alabama
31.65,GENEVA,Alabama
25.0,GREENE,Alabama
24.14,HALE,Alabama
25.0,HENRY,Alabama
25.87,HOUSTON,Alabama
24.76,JACKSON,Alabama
24.89,JEFFERSON,Alabama
21.1,LAMAR,Alabama
18.98,LAUDERDALE,Alabama
26.87,LAWRENCE,Alabama
15.09,LEE,Alabama
27.63,LIMESTONE,Alabama
40.0,LOWNDES,Alabama
16.95,MACON,Alabama
28.08,MADISON,Alabama
22.73,MARENGO,Alabama
22.78,MARION,Alabama
28.31,MARSHALL,Alabama
27.8,MOBILE,Alabama
21.28,MONROE,Alabama
24.34,MONTGOMERY,Alabama
27.98,MORGAN,Alabama
32.5,PERRY,Alabama
25.89,PICKENS,Alabama
22.52,PIKE,Alabama
24.55,RANDOLPH,Alabama
28.24,RUSSELL,Alabama
27.55,SHELBY,Alabama
27.65,ST. CLAIR,Alabama
27.14,SUMTER,Alabama
25.19,TALLADEGA,Alabama
22.58,TALLAPOOSA,Alabama
26.54,TUSCALOOSA,Alabama
39.74,WALKER,Alabama
24.1,WASHINGTON,Alabama
26.42,WILCOX,Alabama
21.99,WINSTON,Alabama
17.38,ANCHORAGE,Alaska
7.5,BETHEL,Alaska
7.69,BRISTOL BAY BOROUGH,Alaska
11.11,DILLINGHAM,Alaska
15.7,FAIRBANKS NORTH STAR,Alaska
13.64,HAINES,Alaska
22.22,JUNEAU,Alaska
21.28,KETCHIKAN GATEWAY,Alaska
9.09,KODIAK ISLAND BOROUGH,Alaska
16.78,MATANUSKA-SUSITNA,Alaska
15.63,NOME,Alaska
13.46,SITKA BOROUGH,Alaska
13.64,SKAGWAY-YAKUTAT,Alaska
20.0,SOUTHEAST FAIRBANKS,Alaska
0.0,WADE HAMPTON,Alaska
13.79,YUKON-KOYUKUK,Alaska
16.51,APACHE,Arizona
22.91,COCHISE,Arizona
22.3,COCONINO,Arizona
19.67,GILA,Arizona
16.82,GRAHAM,Arizona
10.71,GREENLEE,Arizona
19.47,LAPAZ,Arizona
27.04,MARICOPA,Arizona
23.79,MOHAVE,Arizona
19.01,NAVAJO,Arizona
23.04,PIMA,Arizona
22.75,PINAL,Arizona
16.18,SANTA CRUZ,Arizona
21.18,YAVAPAI,Arizona
22.63,YUMA,Arizona
13.95,ARKANSAS,Arkansas
17.75,ASHLEY,Arkansas
28.43,BAXTER,Arkansas
20.78,BENTON,Arkansas
19.92,BOONE,Arkansas
17.5,BRADLEY,Arkansas
10.53,CALHOUN,Arkansas
19.31,CARROLL,Arkansas
10.84,CHICOT,Arkansas
21.43,CLARK,Arkansas
22.81,CLAY,Arkansas
15.83,CLEBURNE,Arkansas
17.5,CLEVELAND,Arkansas
14.77,COLUMBIA,Arkansas
25.2,CONWAY,Arkansas
16.02,CRAIGHEAD,Arkansas
23.95,CRAWFORD,Arkansas
20.9,CRITTENDEN,Arkansas
14.14,CROSS,Arkansas
22.73,DALLAS,Arkansas
10.14,DESHA,Arkansas
21.59,DREW,Arkansas
18.25,FAULKNER,Arkansas
34.44,FRANKLIN,Arkansas
15.22,FULTON,Arkansas
16.29,GARLAND,Arkansas
27.96,GRANT,Arkansas
16.67,GREENE,Arkansas
20.69,HEMPSTEAD,Arkansas
23.03,HOT SPRING,Arkansas
24.73,HOWARD,Arkansas
24.46,INDEPENDENCE,Arkansas
14.81,IZARD,Arkansas
16.19,JACKSON,Arkansas
23.18,JEFFERSON,Arkansas
21.82,JOHNSON,Arkansas
17.5,LAFAYETTE,Arkansas
21.19,LAWRENCE,Arkansas
33.33,LEE,Arkansas
13.04,LINCOLN,Arkansas
18.89,LITTLE RIVER,Arkansas
24.44,LOGAN,Arkansas
23.08,LONOKE,Arkansas
19.75,MADISON,Arkansas
17.35,MARION,Arkansas
17.65,MILLER,Arkansas
19.88,MISSISSIPPI,Arkansas
25.0,MONROE,Arkansas
17.46,MONTGOMERY,Arkansas
14.29,NEVADA,Arkansas
15.38,NEWTON,Arkansas
19.12,OUACHITA,Arkansas
18.97,PERRY,Arkansas
16.85,PHILLIPS,Arkansas
13.51,PIKE,Arkansas
25.38,POINSETT,Arkansas
19.72,POLK,Arkansas
17.96,POPE,Arkansas
29.41,PRAIRIE,Arkansas
21.55,PULASKI,Arkansas
14.02,RANDOLPH,Arkansas
22.48,SALINE,Arkansas
34.0,SCOTT,Arkansas
23.08,SEARCY,Arkansas
24.85,SEBASTIAN,Arkansas
28.89,SEVIER,Arkansas
23.66,SHARP,Arkansas
24.56,ST. FRANCIS,Arkansas
25.93,STONE,Arkansas
23.92,UNION,Arkansas
21.43,VAN BUREN,Arkansas
17.15,WASHINGTON,Arkansas
22.96,WHITE,Arkansas
17.65,WOODRUFF,Arkansas
10.61,YELL,Arkansas
24.39,ALAMEDA,California
0.0,ALPINE,California
20.69,AMADOR,California
18.63,BUTTE,California
16.33,CALAVERAS,California
24.79,COLUSA,California
22.28,CONTRA COSTA,California
22.06,DEL NORTE,California
17.13,EL DORADO,California
27.6,FRESNO,California
17.46,GLENN,California
19.96,HUMBOLDT,California
33.62,IMPERIAL,California
18.69,INYO,California
22.13,KERN,California
24.67,KINGS,California
20.57,LAKE,California
16.67,LASSEN,California
26.08,LOS ANGELES,California
25.74,MADERA,California
13.05,MARIN,California
18.0,MARIPOSA,California
12.89,MENDOCINO,California
23.73,MERCED,California
19.51,MODOC,California
10.71,MONO,California
17.1,MONTEREY,California
20.52,NAPA,California
16.61,NEVADA,California
25.09,ORANGE,California
20.76,PLACER,California
15.79,PLUMAS,California
25.62,RIVERSIDE,California
25.05,SACRAMENTO,California
15.04,SAN BENITO,California
28.21,SAN BERNARDINO,California
20.68,SAN DIEGO,California
20.7,SAN FRANCISCO,California
26.48,SAN JOAQUIN,California
18.54,SAN LUIS OBISPO,California
19.33,SAN MATEO,California
20.04,SANTA BARBARA,California
19.33,SANTA CLARA,California
15.78,SANTA CRUZ,California
17.82,SHASTA,California
9.68,SIERRA,California
17.55,SISKIYOU,California
24.98,SOLANO,California
17.33,SONOMA,California
25.38,STANISLAUS,California
25.68,SUTTER,California
14.77,TEHAMA,California
15.53,TRINITY,California
24.13,TULARE,California
16.82,TUOLUMNE,California
23.75,VENTURA,California
19.34,YOLO,California
20.99,YUBA,California
23.61,ADAMS,Colorado
7.69,ALAMOSA,Colorado
20.92,ARAPAHOE,Colorado
13.73,ARCHULETA,Colorado
17.65,BACA,Colorado
20.59,BENT,Colorado
12.92,BOULDER,Colorado
21.71,BROOMFIELD,Colorado
13.95,CHAFFEE,Colorado
16.67,CHEYENNE,Colorado
14.29,CLEAR CREEK,Colorado
18.42,CONEJOS,Colorado
13.04,COSTILLA,Colorado
17.39,CROWLEY,Colorado
24.44,CUSTER,Colorado
16.4,DELTA,Colorado
18.58,DENVER,Colorado
33.33,DOLORES,Colorado
20.33,DOUGLAS,Colorado
5.39,EAGLE,Colorado
22.74,EL PASO,Colorado
16.78,ELBERT,Colorado
19.3,FREMONT,Colorado
14.66,GARFIELD,Colorado
0.0,GILPIN,Colorado
14.52,GRAND,Colorado
13.43,GUNNISON,Colorado
6.25,HINSDALE,Colorado
12.12,HUERFANO,Colorado
54.55,JACKSON,Colorado
23.73,JEFFERSON,Colorado
13.33,KIOWA,Colorado
7.55,KIT CARSON,Colorado
17.98,LA PLATA,Colorado
25.71,LAKE,Colorado
17.3,LARIMER,Colorado
16.67,LAS ANIMAS,Colorado
41.67,LINCOLN,Colorado
24.76,LOGAN,Colorado
13.75,MESA,Colorado
16.67,MINERAL,Colorado
21.74,MOFFAT,Colorado
17.68,MONTEZUMA,Colorado
12.59,MONTROSE,Colorado
19.57,MORGAN,Colorado
22.22,OTERO,Colorado
6.45,OURAY,Colorado
24.1,PARK,Colorado
4.35,PHILLIPS,Colorado
13.64,PITKIN,Colorado
10.26,PROWERS,Colorado
19.66,PUEBLO,Colorado
14.29,RIO BLANCO,Colorado
16.67,RIO GRANDE,Colorado
17.6,ROUTT,Colorado
10.81,SAGUACHE,Colorado
42.86,SAN JUAN,Colorado
9.52,SAN MIGUEL,Colorado
18.52,SEDGWICK,Colorado
13.08,SUMMIT,Colorado
22.73,TELLER,Colorado
12.5,WASHINGTON,Colorado
19.47,WELD,Colorado
16.87,YUMA,Colorado
19.72,FAIRFIELD,Connecticut
25.54,HARTFORD,Connecticut
20.6,LITCHFIELD,Connecticut
23.15,MIDDLESEX,Connecticut
23.59,NEW HAVEN,Connecticut
23.86,NEW LONDON,Connecticut
22.91,TOLLAND,Connecticut
18.52,WINDHAM,Connecticut
30.05,KENT,Delaware
21.66,NEW CASTLE,Delaware
21.19,SUSSEX,Delaware
19.85,THE DISTRICT,District of Columbia
27.87,ALACHUA,Florida
31.31,BAKER,Florida
21.96,BAY,Florida
31.78,BRADFORD,Florida
29.18,BREVARD,Florida
28.75,BROWARD,Florida
24.19,CALHOUN,Florida
26.41,CHARLOTTE,Florida
34.62,CITRUS,Florida
28.76,CLAY,Florida
21.85,COLLIER,Florida
29.36,COLUMBIA,Florida
24.84,DE SOTO,Florida
34.52,DIXIE,Florida
26.51,DUVAL,Florida
26.4,ESCAMBIA,Florida
23.92,FLAGLER,Florida
14.55,FRANKLIN,Florida
22.43,GADSDEN,Florida
28.89,GILCHRIST,Florida
40.48,GLADES,Florida
24.18,GULF,Florida
34.25,HAMILTON,Florida
34.0,HARDEE,Florida
29.77,HENDRY,Florida
32.45,HERNANDO,Florida
27.9,HIGHLANDS,Florida
30.71,HILLSBOROUGH,Florida
37.61,HOLMES,Florida
21.62,INDIAN RIVER,Florida
24.57,JACKSON,Florida
20.41,JEFFERSON,Florida
39.29,LAFAYETTE,Florida
32.69,LAKE,Florida
25.4,LEE,Florida
21.74,LEON,Florida
32.18,LEVY,Florida
42.31,LIBERTY,Florida
30.69,MADISON,Florida
24.23,MANATEE,Florida
32.63,MARION,Florida
19.25,MARTIN,Florida
29.52,MIAMI-DADE,Florida
12.75,MONROE,Florida
23.61,NASSAU,Florida
29.89,OKALOOSA,Florida
31.77,OKEECHOBEE,Florida
28.69,ORANGE,Florida
32.28,OSCEOLA,Florida
28.67,PALM BEACH,Florida
31.62,PASCO,Florida
30.37,PINELLAS,Florida
34.47,POLK,Florida
33.77,PUTNAM,Florida
27.69,SANTA ROSA,Florida
21.93,SARASOTA,Florida
29.19,SEMINOLE,Florida
24.35,ST. JOHNS,Florida
26.22,ST. LUCIE,Florida
31.74,SUMTER,Florida
36.13,SUWANNEE,Florida
22.9,TAYLOR,Florida
23.81,UNION,Florida
27.67,VOLUSIA,Florida
26.51,WAKULLA,Florida
26.17,WALTON,Florida
32.17,WASHINGTON,Florida
23.81,APPLING,Georgia
26.92,ATKINSON,Georgia
20.0,BACON,Georgia
25.0,BAKER,Georgia
26.21,BALDWIN,Georgia
39.58,BANKS,Georgia
30.62,BARROW,Georgia
31.52,BARTOW,Georgia
27.03,BEN HILL,Georgia
35.21,BERRIEN,Georgia
33.33,BIBB,Georgia
17.5,BLECKLEY,Georgia
25.42,BRANTLEY,Georgia
28.26,BROOKS,Georgia
14.93,BRYAN,Georgia
24.88,BULLOCH,Georgia
30.65,BURKE,Georgia
36.08,BUTTS,Georgia
11.76,CALHOUN,Georgia
18.18,CAMDEN,Georgia
30.77,CANDLER,Georgia
27.1,CARROLL,Georgia
24.77,CATOOSA,Georgia
22.73,CHARLTON,Georgia
20.52,CHATHAM,Georgia
0.0,CHATTAHOOCHEE,Georgia
24.55,CHATTOOGA,Georgia
22.93,CHEROKEE,Georgia
19.19,CLARKE,Georgia
20.0,CLAY,Georgia
23.56,CLAYTON,Georgia
30.0,CLINCH,Georgia
21.32,COBB,Georgia
23.94,COFFEE,Georgia
23.4,COLQUITT,Georgia
21.03,COLUMBIA,Georgia
21.67,COOK,Georgia
18.87,COWETA,Georgia
38.71,CRAWFORD,Georgia
27.78,CRISP,Georgia
30.39,DADE,Georgia
23.13,DAWSON,Georgia
23.1,DE KALB,Georgia
22.55,DECATUR,Georgia
33.33,DODGE,Georgia
41.86,DOOLY,Georgia
24.32,DOUGHERTY,Georgia
24.66,DOUGLAS,Georgia
18.37,EARLY,Georgia
0.0,ECHOLS,Georgia
17.44,EFFINGHAM,Georgia
34.65,ELBERT,Georgia
42.05,EMANUEL,Georgia
20.0,EVANS,Georgia
21.43,FANNIN,Georgia
18.57,FAYETTE,Georgia
29.91,FLOYD,Georgia
20.7,FORSYTH,Georgia
31.75,FRANKLIN,Georgia
20.14,FULTON,Georgia
24.62,GILMER,Georgia
12.5,GLASCOCK,Georgia
18.69,GLYNN,Georgia
27.94,GORDON,Georgia
18.0,GRADY,Georgia
19.01,GREENE,Georgia
24.02,GWINNETT,Georgia
31.32,HABERSHAM,Georgia
28.96,HALL,Georgia
30.3,HANCOCK,Georgia
27.97,HARALSON,Georgia
29.41,HARRIS,Georgia
22.63,HART,Georgia
21.88,HEARD,Georgia
27.19,HENRY,Georgia
41.88,HOUSTON,Georgia
21.21,IRWIN,Georgia
23.85,JACKSON,Georgia
11.76,JASPER,Georgia
26.23,JEFF DAVIS,Georgia
30.12,JEFFERSON,Georgia
25.0,JENKINS,Georgia
35.71,JOHNSON,Georgia
35.06,JONES,Georgia
15.87,LAMAR,Georgia
23.81,LANIER,Georgia
36.72,LAURENS,Georgia
24.14,LEE,Georgia
21.74,LIBERTY,Georgia
17.78,LINCOLN,Georgia
14.81,LONG,Georgia
32.96,LOWNDES,Georgia
26.56,LUMPKIN,Georgia
34.09,MACON,Georgia
19.01,MADISON,Georgia
16.67,MARION,Georgia
22.54,MC DUFFIE,Georgia
18.64,MC INTOSH,Georgia
26.32,MERIWETHER,Georgia
12.5,MILLER,Georgia
19.54,MITCHELL,Georgia
28.72,MONROE,Georgia
33.33,MONTGOMERY,Georgia
16.88,MORGAN,Georgia
22.16,MURRAY,Georgia
30.04,MUSCOGEE,Georgia
30.04,NEWTON,Georgia
20.59,OCONEE,Georgia
34.69,OGLETHORPE,Georgia
23.36,PAULDING,Georgia
34.0,PEACH,Georgia
23.96,PICKENS,Georgia
32.89,PIERCE,Georgia
24.68,PIKE,Georgia
29.71,POLK,Georgia
31.75,PULASKI,Georgia
24.62,PUTNAM,Georgia
100.0,QUITMAN,Georgia
20.0,RABUN,Georgia
12.5,RANDOLPH,Georgia
22.08,RICHMOND,Georgia
29.96,ROCKDALE,Georgia
20.0,SCHLEY,Georgia
18.75,SCREVEN,Georgia
20.0,SEMINOLE,Georgia
33.71,SPALDING,Georgia
38.82,STEPHENS,Georgia
11.11,STEWART,Georgia
21.62,SUMTER,Georgia
21.88,TALBOT,Georgia
16.67,TALIAFERRO,Georgia
28.36,TATTNALL,Georgia
24.24,TAYLOR,Georgia
31.37,TELFAIR,Georgia
16.67,TERRELL,Georgia
19.2,THOMAS,Georgia
23.08,TIFT,Georgia
31.2,TOOMBS,Georgia
20.16,TOWNS,Georgia
42.86,TREUTLEN,Georgia
21.99,TROUP,Georgia
27.27,TURNER,Georgia
42.42,TWIGGS,Georgia
20.66,UNION,Georgia
17.28,UPSON,Georgia
23.93,WALKER,Georgia
28.75,WALTON,Georgia
28.99,WARE,Georgia
42.86,WARREN,Georgia
27.4,WASHINGTON,Georgia
28.8,WAYNE,Georgia
66.67,WEBSTER,Georgia
21.05,WHEELER,Georgia
29.94,WHITE,Georgia
21.13,WHITFIELD,Georgia
19.51,WILCOX,Georgia
26.53,WILKES,Georgia
30.56,WILKINSON,Georgia
22.39,WORTH,Georgia
25.62,HAWAII,Hawaii
31.86,HONOLULU,Hawaii
21.14,KAUAI,Hawaii
26.23,MAUI,Hawaii
21.72,ADA,Idaho
24.39,ADAMS,Idaho
18.81,BANNOCK,Idaho
14.29,BEAR LAKE,Idaho
12.28,BENEWAH,Idaho
19.61,BINGHAM,Idaho
18.67,BLAINE,Idaho
10.0,BOISE,Idaho
14.74,BONNER,Idaho
21.32,BONNEVILLE,Idaho
16.28,BOUNDARY,Idaho
14.81,BUTTE,Idaho
12.5,CAMAS,Idaho
25.37,CANYON,Idaho
10.71,CARIBOU,Idaho
19.23,CASSIA,Idaho
0.0,CLARK,Idaho
26.83,CLEARWATER,Idaho
5.66,CUSTER,Idaho
25.96,ELMORE,Idaho
22.03,FRANKLIN,Idaho
16.18,FREMONT,Idaho
20.59,GEM,Idaho
18.18,GOODING,Idaho
13.42,IDAHO,Idaho
22.64,JEFFERSON,Idaho
25.3,JEROME,Idaho
16.67,KOOTENAI,Idaho
13.94,LATAH,Idaho
12.63,LEMHI,Idaho
10.53,LEWIS,Idaho
26.09,LINCOLN,Idaho
18.45,MADISON,Idaho
15.38,MINIDOKA,Idaho
19.29,NEZ PERCE,Idaho
8.7,ONEIDA,Idaho
24.0,OWYHEE,Idaho
24.0,PAYETTE,Idaho
13.33,POWER,Idaho
15.5,SHOSHONE,Idaho
9.26,TETON,Idaho
20.05,TWIN FALLS,Idaho
15.38,VALLEY,Idaho
23.08,WASHINGTON,Idaho
32.97,ADAMS,Illinois
17.24,ALEXANDER,Illinois
20.2,BOND,Illinois
29.52,BOONE,Illinois
14.29,BROWN,Illinois
18.18,BUREAU,Illinois
23.33,CALHOUN,Illinois
14.89,CARROLL,Illinois
13.7,CASS,Illinois
21.09,CHAMPAIGN,Illinois
19.35,CHRISTIAN,Illinois
18.18,CLARK,Illinois
15.31,CLAY,Illinois
20.83,CLINTON,Illinois
22.27,COLES,Illinois
22.33,COOK,Illinois
26.62,CRAWFORD,Illinois
20.0,CUMBERLAND,Illinois
19.48,DE KALB,Illinois
25.0,DE WITT,Illinois
22.86,DOUGLAS,Illinois
19.75,DU PAGE,Illinois
28.23,EDGAR,Illinois
13.33,EDWARDS,Illinois
18.9,EFFINGHAM,Illinois
28.67,FAYETTE,Illinois
18.57,FORD,Illinois
26.76,FRANKLIN,Illinois
23.11,FULTON,Illinois
23.4,GALLATIN,Illinois
15.48,GREENE,Illinois
26.11,GRUNDY,Illinois
21.82,HAMILTON,Illinois
22.06,HANCOCK,Illinois
32.14,HARDIN,Illinois
16.67,HENDERSON,Illinois
28.43,HENRY,Illinois
27.78,IROQUOIS,Illinois
29.6,JACKSON,Illinois
19.7,JASPER,Illinois
38.17,JEFFERSON,Illinois
21.57,JERSEY,Illinois
13.0,JO DAVIESS,Illinois
31.25,JOHNSON,Illinois
18.82,KANE,Illinois
27.38,KANKAKEE,Illinois
22.22,KENDALL,Illinois
22.07,KNOX,Illinois
22.02,LA SALLE,Illinois
20.23,LAKE,Illinois
18.87,LAWRENCE,Illinois
28.38,LEE,Illinois
28.84,LIVINGSTON,Illinois
25.0,LOGAN,Illinois
19.08,MACON,Illinois
20.68,MACOUPIN,Illinois
22.88,MADISON,Illinois
26.22,MARION,Illinois
30.21,MARSHALL,Illinois
26.32,MASON,Illinois
33.33,MASSAC,Illinois
24.0,MC DONOUGH,Illinois
20.54,MC HENRY,Illinois
22.64,MC LEAN,Illinois
10.98,MENARD,Illinois
19.77,MERCER,Illinois
18.54,MONROE,Illinois
20.21,MONTGOMERY,Illinois
15.03,MORGAN,Illinois
19.17,MOULTRIE,Illinois
25.87,OGLE,Illinois
24.97,PEORIA,Illinois
21.43,PERRY,Illinois
16.39,PIATT,Illinois
28.68,PIKE,Illinois
33.33,POPE,Illinois
22.22,PULASKI,Illinois
30.77,PUTNAM,Illinois
20.32,RANDOLPH,Illinois
16.31,RICHLAND,Illinois
26.83,ROCK ISLAND,Illinois
25.41,SALINE,Illinois
18.6,SANGAMON,Illinois
18.87,SCHUYLER,Illinois
22.22,SCOTT,Illinois
21.51,SHELBY,Illinois
28.16,ST. CLAIR,Illinois
27.27,STARK,Illinois
25.45,STEPHENSON,Illinois
25.79,TAZEWELL,Illinois
20.75,UNION,Illinois
24.61,VERMILION,Illinois
16.84,WABASH,Illinois
17.14,WARREN,Illinois
23.76,WASHINGTON,Illinois
18.6,WAYNE,Illinois
22.76,WHITE,Illinois
20.44,WHITESIDE,Illinois
24.0,WILL,Illinois
23.68,WILLIAMSON,Illinois
24.1,WINNEBAGO,Illinois
30.26,WOODFORD,Illinois
22.96,ADAMS,Indiana
25.15,ALLEN,Indiana
20.8,BARTHOLOMEW,Indiana
25.93,BENTON,Indiana
25.27,BLACKFORD,Indiana
21.29,BOONE,Indiana
24.59,BROWN,Indiana
31.33,CARROLL,Indiana
21.83,CASS,Indiana
24.11,CLARK,Indiana
27.67,CLAY,Indiana
26.67,CLINTON,Indiana
22.95,CRAWFORD,Indiana
21.88,DAVIESS,Indiana
13.25,DE KALB,Indiana
22.79,DEARBORN,Indiana
21.83,DECATUR,Indiana
26.24,DELAWARE,Indiana
19.34,DUBOIS,Indiana
24.42,ELKHART,Indiana
42.25,FAYETTE,Indiana
24.77,FLOYD,Indiana
24.81,FOUNTAIN,Indiana
18.75,FRANKLIN,Indiana
23.81,FULTON,Indiana
17.95,GIBSON,Indiana
22.01,GRANT,Indiana
23.91,GREENE,Indiana
19.08,HAMILTON,Indiana
25.95,HANCOCK,Indiana
19.64,HARRISON,Indiana
20.81,HENDRICKS,Indiana
23.08,HENRY,Indiana
24.45,HOWARD,Indiana
36.76,HUNTINGTON,Indiana
17.82,JACKSON,Indiana
25.1,JASPER,Indiana
20.0,JAY,Indiana
18.23,JEFFERSON,Indiana
17.65,JENNINGS,Indiana
25.04,JOHNSON,Indiana
18.44,KNOX,Indiana
22.26,KOSCIUSKO,Indiana
21.39,LA PORTE,Indiana
13.89,LAGRANGE,Indiana
23.44,LAKE,Indiana
22.03,LAWRENCE,Indiana
25.42,MADISON,Indiana
26.26,MARION,Indiana
21.98,MARSHALL,Indiana
10.81,MARTIN,Indiana
28.28,MIAMI,Indiana
20.93,MONROE,Indiana
24.63,MONTGOMERY,Indiana
24.78,MORGAN,Indiana
21.67,NEWTON,Indiana
28.77,NOBLE,Indiana
23.33,OHIO,Indiana
20.69,ORANGE,Indiana
18.39,OWEN,Indiana
31.11,PARKE,Indiana
23.93,PERRY,Indiana
12.86,PIKE,Indiana
21.21,PORTER,Indiana
21.67,POSEY,Indiana
17.95,PULASKI,Indiana
18.52,PUTNAM,Indiana
22.91,RANDOLPH,Indiana
17.92,RIPLEY,Indiana
19.05,RUSH,Indiana
21.6,SCOTT,Indiana
27.01,SHELBY,Indiana
15.44,SPENCER,Indiana
20.96,ST. JOSEPH,Indiana
25.71,STARKE,Indiana
14.79,STEUBEN,Indiana
22.58,SULLIVAN,Indiana
24.53,SWITZERLAND,Indiana
32.97,TIPPECANOE,Indiana
20.43,TIPTON,Indiana
13.21,UNION,Indiana
23.42,VANDERBURGH,Indiana
27.1,VERMILLION,Indiana
27.74,VIGO,Indiana
19.31,WABASH,Indiana
18.18,WARREN,Indiana
22.09,WARRICK,Indiana
25.66,WASHINGTON,Indiana
35.82,WAYNE,Indiana
35.85,WELLS,Indiana
28.74,WHITE,Indiana
14.41,WHITLEY,Indiana
21.15,ADAIR,Iowa
23.53,ADAMS,Iowa
35.04,ALLAMAKEE,Iowa
27.68,APPANOOSE,Iowa
18.0,AUDUBON,Iowa
19.2,BENTON,Iowa
17.8,BLACK HAWK,Iowa
19.11,BOONE,Iowa
20.21,BREMER,Iowa
23.76,BUCHANAN,Iowa
14.78,BUENA VISTA,Iowa
21.0,BUTLER,Iowa
21.79,CALHOUN,Iowa
25.95,CARROLL,Iowa
17.24,CASS,Iowa
17.59,CEDAR,Iowa
20.05,CERRO GORDO,Iowa
22.12,CHEROKEE,Iowa
20.0,CHICKASAW,Iowa
26.0,CLARKE,Iowa
20.12,CLAY,Iowa
29.41,CLAYTON,Iowa
20.32,CLINTON,Iowa
7.69,CRAWFORD,Iowa
16.18,DALLAS,Iowa
13.04,DAVIS,Iowa
22.06,DECATUR,Iowa
16.81,DELAWARE,Iowa
14.33,DES MOINES,Iowa
20.1,DICKINSON,Iowa
15.71,DUBUQUE,Iowa
25.88,EMMET,Iowa
26.8,FAYETTE,Iowa
21.68,FLOYD,Iowa
21.92,FRANKLIN,Iowa
16.07,FREMONT,Iowa
19.48,GREENE,Iowa
19.54,GRUNDY,Iowa
14.0,GUTHRIE,Iowa
9.09,HAMILTON,Iowa
17.65,HANCOCK,Iowa
14.77,HARDIN,Iowa
29.52,HARRISON,Iowa
17.11,HENRY,Iowa
24.75,HOWARD,Iowa
23.73,HUMBOLDT,Iowa
27.94,IDA,Iowa
22.03,IOWA,Iowa
25.96,JACKSON,Iowa
17.29,JASPER,Iowa
12.99,JEFFERSON,Iowa
15.45,JOHNSON,Iowa
14.91,JONES,Iowa
19.79,KEOKUK,Iowa
16.54,KOSSUTH,Iowa
23.61,LEE,Iowa
22.95,LINN,Iowa
27.27,LOUISA,Iowa
15.38,LUCAS,Iowa
22.78,LYON,Iowa
19.05,MADISON,Iowa
17.33,MAHASKA,Iowa
21.28,MARION,Iowa
22.64,MARSHALL,Iowa
36.67,MILLS,Iowa
22.03,MITCHELL,Iowa
20.0,MONONA,Iowa
21.62,MONROE,Iowa
19.1,MONTGOMERY,Iowa
22.12,MUSCATINE,Iowa
19.2,OBRIEN,Iowa
22.39,OSCEOLA,Iowa
26.76,PAGE,Iowa
22.78,PALO ALTO,Iowa
32.28,PLYMOUTH,Iowa
22.78,POCAHONTAS,Iowa
19.38,POLK,Iowa
26.39,POTTAWATTAMIE,Iowa
13.57,POWESHIEK,Iowa
14.0,RINGGOLD,Iowa
19.78,SAC,Iowa
23.6,SCOTT,Iowa
26.04,SHELBY,Iowa
18.61,SIOUX,Iowa
17.55,STORY,Iowa
18.18,TAMA,Iowa
22.03,TAYLOR,Iowa
21.9,UNION,Iowa
11.48,VAN BUREN,Iowa
23.4,WAPELLO,Iowa
17.83,WARREN,Iowa
22.09,WASHINGTON,Iowa
20.75,WAYNE,Iowa
18.77,WEBSTER,Iowa
31.46,WINNEBAGO,Iowa
28.48,WINNESHIEK,Iowa
25.05,WOODBURY,Iowa
11.11,WORTH,Iowa
22.88,WRIGHT,Iowa
18.18,ALLEN,Kansas
24.29,ANDERSON,Kansas
23.86,ATCHISON,Kansas
17.14,BARBER,Kansas
18.97,BARTON,Kansas
23.96,BOURBON,Kansas
16.9,BROWN,Kansas
19.94,BUTLER,Kansas
20.83,CHASE,Kansas
13.79,CHAUTAUQUA,Kansas
25.0,CHEROKEE,Kansas
5.56,CHEYENNE,Kansas
9.09,CLARK,Kansas
15.63,CLAY,Kansas
18.39,CLOUD,Kansas
13.11,COFFEY,Kansas
0.0,COMANCHE,Kansas
18.18,COWLEY,Kansas
19.09,CRAWFORD,Kansas
15.38,DECATUR,Kansas
13.79,DICKINSON,Kansas
24.68,DONIPHAN,Kansas
16.96,DOUGLAS,Kansas
22.22,EDWARDS,Kansas
20.83,ELK,Kansas
30.06,ELLIS,Kansas
23.08,ELLSWORTH,Kansas
24.07,FINNEY,Kansas
21.89,FORD,Kansas
18.75,FRANKLIN,Kansas
23.42,GEARY,Kansas
16.67,GOVE,Kansas
19.05,GRAHAM,Kansas
23.26,GRANT,Kansas
13.04,GRAY,Kansas
46.15,GREELEY,Kansas
24.49,GREENWOOD,Kansas
40.0,HAMILTON,Kansas
28.0,HARPER,Kansas
24.9,HARVEY,Kansas
29.41,HASKELL,Kansas
16.67,HODGEMAN,Kansas
16.05,JACKSON,Kansas
21.09,JEFFERSON,Kansas
21.43,JEWELL,Kansas
20.87,JOHNSON,Kansas
30.77,KEARNY,Kansas
26.23,KINGMAN,Kansas
26.67,KIOWA,Kansas
17.29,LABETTE,Kansas
8.33,LANE,Kansas
26.8,LEAVENWORTH,Kansas
12.5,LINCOLN,Kansas
20.0,LINN,Kansas
7.14,LOGAN,Kansas
20.98,LYON,Kansas
26.44,MARION,Kansas
15.29,MARSHALL,Kansas
11.39,MCPHERSON,Kansas
11.54,MEADE,Kansas
16.89,MIAMI,Kansas
35.14,MITCHELL,Kansas
17.62,MONTGOMERY,Kansas
12.5,MORRIS,Kansas
14.29,MORTON,Kansas
15.0,NEMAHA,Kansas
21.37,NEOSHO,Kansas
16.67,NESS,Kansas
15.38,NORTON,Kansas
24.37,OSAGE,Kansas
16.67,OSBORNE,Kansas
20.83,OTTAWA,Kansas
14.71,PAWNEE,Kansas
15.52,PHILLIPS,Kansas
16.53,POTTAWATOMIE,Kansas
19.4,PRATT,Kansas
11.11,RAWLINS,Kansas
23.99,RENO,Kansas
16.33,REPUBLIC,Kansas
18.99,RICE,Kansas
16.17,RILEY,Kansas
11.11,ROOKS,Kansas
21.43,RUSH,Kansas
24.62,RUSSELL,Kansas
16.18,SALINE,Kansas
18.18,SCOTT,Kansas
19.82,SEDGWICK,Kansas
18.75,SEWARD,Kansas
19.59,SHAWNEE,Kansas
10.53,SHERIDAN,Kansas
26.79,SHERMAN,Kansas
23.91,SMITH,Kansas
20.0,STAFFORD,Kansas
0.0,STANTON,Kansas
21.62,STEVENS,Kansas
22.0,SUMNER,Kansas
33.33,THOMAS,Kansas
28.0,TREGO,Kansas
18.87,WABAUNSEE,Kansas
8.33,WALLACE,Kansas
17.74,WASHINGTON,Kansas
8.33,WICHITA,Kansas
19.23,WILSON,Kansas
11.76,WOODSON,Kansas
25.26,WYANDOTTE,Kansas
15.0,ADAIR,Kentucky
13.54,ALLEN,Kentucky
25.71,ANDERSON,Kentucky
43.21,BALLARD,Kentucky
23.66,BARREN,Kentucky
31.48,BATH,Kentucky
20.59,BELL,Kentucky
29.79,BOONE,Kentucky
24.36,BOURBON,Kentucky
29.24,BOYD,Kentucky
15.63,BOYLE,Kentucky
18.92,BRACKEN,Kentucky
27.45,BREATHITT,Kentucky
19.51,BRECKINRIDGE,Kentucky
23.25,BULLITT,Kentucky
21.15,BUTLER,Kentucky
21.59,CALDWELL,Kentucky
17.16,CALLOWAY,Kentucky
26.59,CAMPBELL,Kentucky
31.03,CARLISLE,Kentucky
31.11,CARROLL,Kentucky
29.89,CARTER,Kentucky
17.05,CASEY,Kentucky
27.95,CHRISTIAN,Kentucky
15.87,CLARK,Kentucky
30.88,CLAY,Kentucky
13.43,CLINTON,Kentucky
12.24,CRITTENDEN,Kentucky
20.93,CUMBERLAND,Kentucky
28.7,DAVIESS,Kentucky
22.92,EDMONSON,Kentucky
36.73,ELLIOTT,Kentucky
31.65,ESTILL,Kentucky
20.44,FAYETTE,Kentucky
23.29,FLEMING,Kentucky
20.95,FLOYD,Kentucky
21.94,FRANKLIN,Kentucky
25.0,FULTON,Kentucky
25.0,GALLATIN,Kentucky
12.66,GARRARD,Kentucky
29.49,GRANT,Kentucky
25.74,GRAVES,Kentucky
20.38,GRAYSON,Kentucky
9.3,GREEN,Kentucky
23.81,GREENUP,Kentucky
33.9,HANCOCK,Kentucky
25.14,HARDIN,Kentucky
24.22,HARLAN,Kentucky
20.59,HARRISON,Kentucky
19.32,HART,Kentucky
19.74,HENDERSON,Kentucky
25.64,HENRY,Kentucky
20.59,HICKMAN,Kentucky
26.52,HOPKINS,Kentucky
20.0,JACKSON,Kentucky
23.63,JEFFERSON,Kentucky
24.47,JESSAMINE,Kentucky
21.15,JOHNSON,Kentucky
28.98,KENTON,Kentucky
32.08,KNOTT,Kentucky
26.09,KNOX,Kentucky
25.64,LARUE,Kentucky
24.38,LAUREL,Kentucky
19.74,LAWRENCE,Kentucky
18.52,LEE,Kentucky
29.27,LESLIE,Kentucky
19.49,LETCHER,Kentucky
28.13,LEWIS,Kentucky
27.87,LINCOLN,Kentucky
21.43,LIVINGSTON,Kentucky
20.83,LOGAN,Kentucky
13.46,LYON,Kentucky
22.68,MADISON,Kentucky
22.73,MAGOFFIN,Kentucky
27.47,MARION,Kentucky
23.33,MARSHALL,Kentucky
22.73,MARTIN,Kentucky
17.86,MASON,Kentucky
29.09,MC CRACKEN,Kentucky
23.88,MC CREARY,Kentucky
26.42,MC LEAN,Kentucky
22.02,MEADE,Kentucky
25.58,MENIFEE,Kentucky
15.79,MERCER,Kentucky
11.63,METCALFE,Kentucky
18.75,MONROE,Kentucky
31.9,MONTGOMERY,Kentucky
15.09,MORGAN,Kentucky
29.48,MUHLENBERG,Kentucky
25.3,NELSON,Kentucky
23.26,NICHOLAS,Kentucky
35.14,OHIO,Kentucky
26.49,OLDHAM,Kentucky
31.71,OWEN,Kentucky
30.0,OWSLEY,Kentucky
31.37,PENDLETON,Kentucky
25.53,PERRY,Kentucky
25.0,PIKE,Kentucky
16.67,POWELL,Kentucky
23.67,PULASKI,Kentucky
12.5,ROBERTSON,Kentucky
23.53,ROCKCASTLE,Kentucky
35.21,ROWAN,Kentucky
26.79,RUSSELL,Kentucky
27.81,SCOTT,Kentucky
21.94,SHELBY,Kentucky
22.11,SIMPSON,Kentucky
21.21,SPENCER,Kentucky
30.67,TAYLOR,Kentucky
28.0,TODD,Kentucky
25.25,TRIGG,Kentucky
35.71,TRIMBLE,Kentucky
16.67,UNION,Kentucky
18.16,WARREN,Kentucky
27.27,WASHINGTON,Kentucky
15.97,WAYNE,Kentucky
21.62,WEBSTER,Kentucky
21.77,WHITLEY,Kentucky
12.9,WOLFE,Kentucky
16.04,WOODFORD,Kentucky
19.87,ACADIA,Louisiana
24.11,ALLEN,Louisiana
39.11,ASCENSION,Louisiana
19.35,ASSUMPTION,Louisiana
15.35,AVOYELLES,Louisiana
28.18,BEAUREGARD,Louisiana
26.76,BIENVILLE,Louisiana
23.26,BOSSIER,Louisiana
24.1,CADDO,Louisiana
26.65,CALCASIEU,Louisiana
28.0,CALDWELL,Louisiana
28.57,CAMERON,Louisiana
28.26,CATAHOULA,Louisiana
22.89,CLAIBORNE,Louisiana
23.81,CONCORDIA,Louisiana
23.65,DE SOTO,Louisiana
26.17,E. BATON ROUGE,Louisiana
25.0,EAST CARROLL,Louisiana
31.25,EAST FELICIANA,Louisiana
18.32,EVANGELINE,Louisiana
29.25,FRANKLIN,Louisiana
18.37,GRANT,Louisiana
24.15,IBERIA,Louisiana
33.33,IBERVILLE,Louisiana
28.09,JACKSON,Louisiana
27.82,JEFFERSON,Louisiana
19.89,JEFFRSON DAVIS,Louisiana
16.67,LA SALLE,Louisiana
18.82,LAFAYETTE,Louisiana
26.61,LAFOURCHE,Louisiana
21.46,LINCOLN,Louisiana
32.58,LIVINGSTON,Louisiana
29.63,MADISON,Louisiana
11.81,MOREHOUSE,Louisiana
25.27,NATCHITOCHES,Louisiana
25.18,ORLEANS,Louisiana
23.79,OUACHITA,Louisiana
46.34,PLAQUEMINES,Louisiana
33.33,POINTE COUPEE,Louisiana
22.87,RAPIDES,Louisiana
29.73,RED RIVER,Louisiana
19.2,RICHLAND,Louisiana
19.4,SABINE,Louisiana
24.71,ST. BERNARD,Louisiana
33.71,ST. CHARLES,Louisiana
44.44,ST. HELENA,Louisiana
23.88,ST. JAMES,Louisiana
21.21,ST. JOHN BAPTIST,Louisiana
24.11,ST. LANDRY,Louisiana
16.29,ST. MARTIN,Louisiana
30.7,ST. MARY,Louisiana
27.42,ST. TAMMANY,Louisiana
27.7,TANGIPAHOA,Louisiana
13.04,TENSAS,Louisiana
23.29,TERREBONNE,Louisiana
19.01,UNION,Louisiana
22.62,VERMILION,Louisiana
25.93,VERNON,Louisiana
14.71,W. BATON ROUGE,Louisiana
27.75,WASHINGTON,Louisiana
23.73,WEBSTER,Louisiana
22.81,WEST CARROLL,Louisiana
18.18,WEST FELICIANA,Louisiana
23.08,WINN,Louisiana
22.8,ANDROSCOGGIN,Maine
23.41,AROOSTOOK,Maine
19.59,CUMBERLAND,Maine
16.94,FRANKLIN,Maine
18.49,HANCOCK,Maine
18.33,KENNEBEC,Maine
17.05,KNOX,Maine
12.81,LINCOLN,Maine
20.5,OXFORD,Maine
23.36,PENOBSCOT,Maine
25.86,PISCATAQUIS,Maine
15.34,SAGADAHOC,Maine
19.26,SOMERSET,Maine
15.31,WALDO,Maine
22.66,WASHINGTON,Maine
19.45,YORK,Maine
23.76,ALLEGANY,Maryland
21.98,ANNE ARUNDEL,Maryland
22.23,BALTIMORE,Maryland
24.19,BALTIMORE CITY,Maryland
21.92,CALVERT,Maryland
24.88,CAROLINE,Maryland
17.92,CARROLL,Maryland
20.92,CECIL,Maryland
24.64,CHARLES,Maryland
26.16,DORCHESTER,Maryland
20.84,FREDERICK,Maryland
21.79,GARRETT,Maryland
20.29,HARFORD,Maryland
19.57,HOWARD,Maryland
22.31,KENT,Maryland
18.99,MONTGOMERY,Maryland
24.96,PRINCE GEORGES,Maryland
20.33,QUEEN ANNES,Maryland
25.15,SOMERSET,Maryland
23.45,ST. MARYS,Maryland
22.06,TALBOT,Maryland
21.96,WASHINGTON,Maryland
31.84,WICOMICO,Maryland
23.65,WORCESTER,Maryland
22.02,BARNSTABLE,Massachusetts
16.64,BERKSHIRE,Massachusetts
24.47,BRISTOL,Massachusetts
14.6,DUKES,Massachusetts
26.15,ESSEX,Massachusetts
17.63,FRANKLIN,Massachusetts
27.64,HAMPDEN,Massachusetts
18.51,HAMPSHIRE,Massachusetts
24.38,MIDDLESEX,Massachusetts
17.65,NANTUCKET,Massachusetts
23.5,NORFOLK,Massachusetts
23.91,PLYMOUTH,Massachusetts
23.78,SUFFOLK,Massachusetts
24.52,WORCESTER,Massachusetts
32.18,ALCONA,Michigan
13.51,ALGER,Michigan
22.55,ALLEGAN,Michigan
26.75,ALPENA,Michigan
17.42,ANTRIM,Michigan
20.83,ARENAC,Michigan
3.7,BARAGA,Michigan
26.79,BARRY,Michigan
23.34,BAY,Michigan
25.45,BENZIE,Michigan
27.22,BERRIEN,Michigan
19.72,BRANCH,Michigan
26.78,CALHOUN,Michigan
28.42,CASS,Michigan
15.68,CHARLEVOIX,Michigan
25.13,CHEBOYGAN,Michigan
22.17,CHIPPEWA,Michigan
26.11,CLARE,Michigan
28.51,CLINTON,Michigan
31.03,CRAWFORD,Michigan
21.48,DELTA,Michigan
19.53,DICKINSON,Michigan
27.49,EATON,Michigan
22.58,EMMET,Michigan
32.1,GENESEE,Michigan
20.25,GLADWIN,Michigan
19.82,GOGEBIC,Michigan
25.3,GRAND TRAVERSE,Michigan
30.65,GRATIOT,Michigan
19.09,HILLSDALE,Michigan
13.41,HOUGHTON,Michigan
21.4,HURON,Michigan
25.71,INGHAM,Michigan
22.86,IONIA,Michigan
16.57,IOSCO,Michigan
20.65,IRON,Michigan
22.94,ISABELLA,Michigan
20.2,JACKSON,Michigan
23.46,KALAMAZOO,Michigan
19.4,KALKASKA,Michigan
23.86,KENT,Michigan
13.04,KEWEENAW,Michigan
19.67,LAKE,Michigan
28.62,LAPEER,Michigan
22.66,LEELANAU,Michigan
20.09,LENAWEE,Michigan
25.89,LIVINGSTON,Michigan
30.56,LUCE,Michigan
18.39,MACKINAC,Michigan
26.38,MACOMB,Michigan
17.07,MANISTEE,Michigan
19.1,MARQUETTE,Michigan
21.02,MASON,Michigan
28.95,MECOSTA,Michigan
26.06,MENOMINEE,Michigan
20.89,MIDLAND,Michigan
20.0,MISSAUKEE,Michigan
25.55,MONROE,Michigan
24.21,MONTCALM,Michigan
26.73,MONTMORENCY,Michigan
29.88,MUSKEGON,Michigan
23.31,NEWAYGO,Michigan
23.81,OAKLAND,Michigan
21.99,OCEANA,Michigan
20.98,OGEMAW,Michigan
23.53,ONTONAGON,Michigan
30.71,OSCEOLA,Michigan
17.65,OSCODA,Michigan
19.38,OTSEGO,Michigan
22.24,OTTAWA,Michigan
20.3,PRESQUE ISLE,Michigan
26.56,ROSCOMMON,Michigan
27.49,SAGINAW,Michigan
24.72,SANILAC,Michigan
14.52,SCHOOLCRAFT,Michigan
23.51,SHIAWASSEE,Michigan
24.97,ST. CLAIR,Michigan
19.42,ST. JOSEPH,Michigan
21.43,TUSCOLA,Michigan
24.18,VAN BUREN,Michigan
22.34,WASHTENAW,Michigan
27.35,WAYNE,Michigan
22.87,WEXFORD,Michigan
15.87,AITKIN,Minnesota
23.74,ANOKA,Minnesota
23.19,BECKER,Minnesota
25.36,BELTRAMI,Minnesota
22.97,BENTON,Minnesota
13.51,BIG STONE,Minnesota
23.79,BLUE EARTH,Minnesota
27.27,BROWN,Minnesota
23.85,CARLTON,Minnesota
16.42,CARVER,Minnesota
21.43,CASS,Minnesota
18.18,CHIPPEWA,Minnesota
25.45,CHISAGO,Minnesota
21.74,CLAY,Minnesota
23.33,CLEARWATER,Minnesota
7.14,COOK,Minnesota
26.09,COTTONWOOD,Minnesota
19.38,CROW WING,Minnesota
23.73,DAKOTA,Minnesota
28.74,DODGE,Minnesota
20.95,DOUGLAS,Minnesota
22.12,FARIBAULT,Minnesota
24.11,FILLMORE,Minnesota
20.99,FREEBORN,Minnesota
27.42,GOODHUE,Minnesota
18.92,GRANT,Minnesota
21.48,HENNEPIN,Minnesota
34.74,HOUSTON,Minnesota
16.06,HUBBARD,Minnesota
20.79,ISANTI,Minnesota
15.24,ITASCA,Minnesota
16.9,JACKSON,Minnesota
21.43,KANABEC,Minnesota
23.7,KANDIYOHI,Minnesota
20.59,KITTSON,Minnesota
14.58,KOOCHICHING,Minnesota
27.27,LAC QUI PARLE,Minnesota
10.53,LAKE,Minnesota
23.33,LAKE OF  WOODS,Minnesota
26.32,LE SUEUR,Minnesota
22.86,LINCOLN,Minnesota
24.18,LYON,Minnesota
27.78,MAHNOMEN,Minnesota
26.92,MARSHALL,Minnesota
26.19,MARTIN,Minnesota
23.88,MC LEOD,Minnesota
18.52,MEEKER,Minnesota
29.51,MILLE LACS,Minnesota
25.98,MORRISON,Minnesota
28.49,MOWER,Minnesota
17.31,MURRAY,Minnesota
29.93,NICOLLET,Minnesota
15.91,NOBLES,Minnesota
26.32,NORMAN,Minnesota
19.73,OLMSTED,Minnesota
18.27,OTTER TAIL,Minnesota
33.33,PENNINGTON,Minnesota
16.46,PINE,Minnesota
28.0,PIPESTONE,Minnesota
19.57,POLK,Minnesota
26.98,POPE,Minnesota
22.15,RAMSEY,Minnesota
26.67,RED LAKE,Minnesota
31.96,REDWOOD,Minnesota
16.05,RENVILLE,Minnesota
15.65,RICE,Minnesota
9.52,ROCK,Minnesota
31.67,ROSEAU,Minnesota
22.32,SCOTT,Minnesota
27.65,SHERBURNE,Minnesota
15.79,SIBLEY,Minnesota
23.11,ST. LOUIS,Minnesota
33.27,STEARNS,Minnesota
29.85,STEELE,Minnesota
17.02,STEVENS,Minnesota
35.82,SWIFT,Minnesota
31.63,TODD,Minnesota
35.71,TRAVERSE,Minnesota
18.18,WABASHA,Minnesota
10.14,WADENA,Minnesota
31.17,WASECA,Minnesota
20.13,WASHINGTON,Minnesota
25.42,WATONWAN,Minnesota
26.92,WILKIN,Minnesota
22.51,WINONA,Minnesota
26.96,WRIGHT,Minnesota
23.08,YELLOW MEDCINE,Minnesota
22.71,ADAMS,Mississippi
24.92,ALCORN,Mississippi
25.88,AMITE,Mississippi
35.45,ATTALA,Mississippi
34.78,BENTON,Mississippi
16.51,BOLIVAR,Mississippi
20.72,CALHOUN,Mississippi
25.4,CARROLL,Mississippi
29.27,CHICKASAW,Mississippi
18.75,CHOCTAW,Mississippi
38.1,CLAIBORNE,Mississippi
18.18,CLARKE,Mississippi
33.8,CLAY,Mississippi
26.5,COAHOMA,Mississippi
18.37,COPIAH,Mississippi
20.0,COVINGTON,Mississippi
26.45,DE SOTO,Mississippi
19.21,FORREST,Mississippi
16.39,FRANKLIN,Mississippi
25.0,GEORGE,Mississippi
18.64,GREENE,Mississippi
20.41,GRENADA,Mississippi
22.09,HANCOCK,Mississippi
19.25,HARRISON,Mississippi
17.99,HINDS,Mississippi
15.96,HOLMES,Mississippi
21.82,HUMPHREYS,Mississippi
0.0,ISSAQUENA,Mississippi
34.31,ITAWAMBA,Mississippi
27.36,JACKSON,Mississippi
28.07,JASPER,Mississippi
23.68,JEFFERSON,Mississippi
14.47,JEFFERSON DAVIS,Mississippi
23.06,JONES,Mississippi
16.67,KEMPER,Mississippi
16.47,LAFAYETTE,Mississippi
21.6,LAMAR,Mississippi
18.4,LAUDERDALE,Mississippi
19.81,LAWRENCE,Mississippi
24.24,LEAKE,Mississippi
20.43,LEE,Mississippi
14.56,LEFLORE,Mississippi
27.03,LINCOLN,Mississippi
21.01,LOWNDES,Mississippi
14.72,MADISON,Mississippi
18.92,MARION,Mississippi
19.51,MARSHALL,Mississippi
19.41,MONROE,Mississippi
17.58,MONTGOMERY,Mississippi
20.35,NESHOBA,Mississippi
19.38,NEWTON,Mississippi
20.0,NOXUBEE,Mississippi
27.31,OKTIBBEHA,Mississippi
29.1,PANOLA,Mississippi
21.2,PEARL RIVER,Mississippi
32.53,PERRY,Mississippi
22.69,PIKE,Mississippi
18.18,PONTOTOC,Mississippi
29.46,PRENTISS,Mississippi
33.33,QUITMAN,Mississippi
16.43,RANKIN,Mississippi
15.89,SCOTT,Mississippi
18.75,SHARKEY,Mississippi
14.77,SIMPSON,Mississippi
17.14,SMITH,Mississippi
26.5,STONE,Mississippi
18.58,SUNFLOWER,Mississippi
18.46,TALLAHATCHIE,Mississippi
24.84,TATE,Mississippi
22.28,TIPPAH,Mississippi
29.0,TISHOMINGO,Mississippi
14.29,TUNICA,Mississippi
18.13,UNION,Mississippi
16.44,WALTHALL,Mississippi
14.52,WARREN,Mississippi
13.78,WASHINGTON,Mississippi
15.91,WAYNE,Mississippi
26.58,WEBSTER,Mississippi
22.22,WILKINSON,Mississippi
16.42,WINSTON,Mississippi
23.21,YALOBUSHA,Mississippi
14.75,YAZOO,Mississippi
19.23,ADAIR,Missouri
26.67,ANDREW,Missouri
18.64,ATCHISON,Missouri
20.75,AUDRAIN,Missouri
22.53,BARRY,Missouri
16.95,BARTON,Missouri
21.25,BATES,Missouri
17.12,BENTON,Missouri
11.54,BOLLINGER,Missouri
14.91,BOONE,Missouri
22.42,BUCHANAN,Missouri
13.96,BUTLER,Missouri
18.57,CALDWELL,Missouri
19.89,CALLAWAY,Missouri
13.59,CAMDEN,Missouri
15.46,CAPE GIRARDEAU,Missouri
12.2,CARROLL,Missouri
11.54,CARTER,Missouri
22.52,CASS,Missouri
27.94,CEDAR,Missouri
8.45,CHARITON,Missouri
28.06,CHRISTIAN,Missouri
16.67,CLARK,Missouri
19.21,CLAY,Missouri
13.79,CLINTON,Missouri
18.81,COLE,Missouri
14.29,COOPER,Missouri
23.08,CRAWFORD,Missouri
23.08,DADE,Missouri
28.79,DALLAS,Missouri
23.81,DAVIESS,Missouri
22.92,DE KALB,Missouri
23.93,DENT,Missouri
25.53,DOUGLAS,Missouri
17.91,DUNKLIN,Missouri
31.3,FRANKLIN,Missouri
23.42,GASCONADE,Missouri
17.39,GENTRY,Missouri
29.7,GREENE,Missouri
21.25,GRUNDY,Missouri
11.83,HARRISON,Missouri
14.38,HENRY,Missouri
10.0,HICKORY,Missouri
7.89,HOLT,Missouri
13.33,HOWARD,Missouri
17.19,HOWELL,Missouri
26.47,IRON,Missouri
24.74,JACKSON,Missouri
25.32,JASPER,Missouri
32.53,JEFFERSON,Missouri
23.19,JOHNSON,Missouri
18.75,KNOX,Missouri
26.21,LACLEDE,Missouri
21.52,LAFAYETTE,Missouri
28.32,LAWRENCE,Missouri
28.38,LEWIS,Missouri
33.94,LINCOLN,Missouri
15.46,LINN,Missouri
18.75,LIVINGSTON,Missouri
16.33,MACON,Missouri
20.43,MADISON,Missouri
23.26,MARIES,Missouri
26.78,MARION,Missouri
24.59,MC DONALD,Missouri
29.17,MERCER,Missouri
14.79,MILLER,Missouri
13.48,MISSISSIPPI,Missouri
18.18,MONITEAU,Missouri
13.89,MONROE,Missouri
22.62,MONTGOMERY,Missouri
12.41,MORGAN,Missouri
17.33,NEW MADRID,Missouri
22.68,NEWTON,Missouri
15.19,NODAWAY,Missouri
16.9,OREGON,Missouri
20.0,OSAGE,Missouri
25.0,OZARK,Missouri
18.07,PEMISCOT,Missouri
17.83,PERRY,Missouri
12.81,PETTIS,Missouri
26.64,PHELPS,Missouri
22.02,PIKE,Missouri
21.22,PLATTE,Missouri
13.76,POLK,Missouri
31.46,PULASKI,Missouri
11.76,PUTNAM,Missouri
15.22,RALLS,Missouri
18.46,RANDOLPH,Missouri
21.18,RAY,Missouri
20.0,REYNOLDS,Missouri
16.88,RIPLEY,Missouri
19.44,SALINE,Missouri
27.78,SCHUYLER,Missouri
15.15,SCOTLAND,Missouri
17.88,SCOTT,Missouri
15.79,SHANNON,Missouri
16.39,SHELBY,Missouri
27.6,ST. CHARLES,Missouri
29.03,ST. CLAIR,Missouri
24.92,ST. FRANCOIS,Missouri
27.01,ST. LOUIS,Missouri
25.84,ST. LOUIS CITY,Missouri
26.73,STE. GENEVIEVE,Missouri
15.46,STODDARD,Missouri
28.02,STONE,Missouri
12.0,SULLIVAN,Missouri
20.16,TANEY,Missouri
19.48,TEXAS,Missouri
17.82,VERNON,Missouri
26.17,WARREN,Missouri
28.3,WASHINGTON,Missouri
9.0,WAYNE,Missouri
24.67,WEBSTER,Missouri
21.74,WORTH,Missouri
24.71,WRIGHT,Missouri
22.47,BEAVERHEAD,Montana
12.5,BIG HORN,Montana
17.65,BLAINE,Montana
15.25,BROADWATER,Montana
16.44,CARBON,Montana
9.09,CARTER,Montana
17.98,CASCADE,Montana
12.82,CHOUTEAU,Montana
23.66,CUSTER,Montana
18.75,DANIELS,Montana
11.76,DAWSON,Montana
25.0,DEER LODGE,Montana
11.76,FALLON,Montana
22.32,FERGUS,Montana
15.19,FLATHEAD,Montana
10.6,GALLATIN,Montana
0.0,GARFIELD,Montana
16.07,GLACIER,Montana
22.22,GOLDEN VALLEY,Montana
14.29,GRANITE,Montana
12.5,HILL,Montana
14.46,JEFFERSON,Montana
9.52,JUDITH BASIN,Montana
14.37,LAKE,Montana
17.83,LEWIS AND CLARK,Montana
7.14,LIBERTY,Montana
10.06,LINCOLN,Montana
12.09,MADISON,Montana
25.0,MCCONE,Montana
22.22,MEAGHER,Montana
14.89,MINERAL,Montana
12.38,MISSOULA,Montana
19.23,MUSSELSHELL,Montana
11.97,PARK,Montana
0.0,PETROLEUM,Montana
13.89,PHILLIPS,Montana
16.98,PONDERA,Montana
8.33,POWDER RIVER,Montana
23.68,POWELL,Montana
0.0,PRAIRIE,Montana
9.19,RAVALLI,Montana
21.43,RICHLAND,Montana
19.15,ROOSEVELT,Montana
16.67,ROSEBUD,Montana
8.7,SANDERS,Montana
14.29,SHERIDAN,Montana
16.9,SILVER BOW,Montana
13.43,STILLWATER,Montana
19.35,SWEET GRASS,Montana
11.9,TETON,Montana
12.0,TOOLE,Montana
16.67,TREASURE,Montana
24.29,VALLEY,Montana
6.25,WHEATLAND,Montana
0.0,WIBAUX,Montana
22.2,YELLOWSTONE,Montana
27.23,ADAMS,Nebraska
12.9,ANTELOPE,Nebraska
50.0,ARTHUR,Nebraska
0.0,BANNER,Nebraska
20.0,BLAINE,Nebraska
25.0,BOONE,Nebraska
12.82,BOX BUTTE,Nebraska
9.68,BOYD,Nebraska
11.54,BROWN,Nebraska
25.84,BUFFALO,Nebraska
20.34,BURT,Nebraska
16.92,BUTLER,Nebraska
26.0,CASS,Nebraska
13.04,CEDAR,Nebraska
16.67,CHASE,Nebraska
9.09,CHERRY,Nebraska
15.58,CHEYENNE,Nebraska
28.38,CLAY,Nebraska
37.84,COLFAX,Nebraska
13.04,CUMING,Nebraska
22.45,CUSTER,Nebraska
18.0,DAKOTA,Nebraska
2.38,DAWES,Nebraska
24.03,DAWSON,Nebraska
5.26,DEUEL,Nebraska
16.67,DIXON,Nebraska
22.07,DODGE,Nebraska
22.65,DOUGLAS,Nebraska
13.04,DUNDY,Nebraska
20.0,FILLMORE,Nebraska
20.0,FRANKLIN,Nebraska
17.65,FRONTIER,Nebraska
10.42,FURNAS,Nebraska
21.91,GAGE,Nebraska
11.76,GARDEN,Nebraska
9.52,GARFIELD,Nebraska
6.67,GOSPER,Nebraska
9.09,GRANT,Nebraska
6.9,GREELEY,Nebraska
20.77,HALL,Nebraska
17.02,HAMILTON,Nebraska
13.79,HARLAN,Nebraska
11.76,HITCHCOCK,Nebraska
19.32,HOLT,Nebraska
25.0,HOOKER,Nebraska
23.81,HOWARD,Nebraska
22.95,JEFFERSON,Nebraska
20.51,JOHNSON,Nebraska
23.64,KEARNEY,Nebraska
10.99,KEITH,Nebraska
12.5,KEYA PAHA,Nebraska
24.24,KIMBALL,Nebraska
22.73,KNOX,Nebraska
22.33,LANCASTER,Nebraska
21.12,LINCOLN,Nebraska
33.33,LOGAN,Nebraska
25.0,LOUP,Nebraska
19.73,MADISON,Nebraska
33.33,MC PHERSON,Nebraska
20.29,MERRICK,Nebraska
17.14,MORRILL,Nebraska
21.21,NANCE,Nebraska
17.54,NEMAHA,Nebraska
28.0,NUCKOLLS,Nebraska
18.69,OTOE,Nebraska
27.59,PAWNEE,Nebraska
15.0,PERKINS,Nebraska
10.45,PHELPS,Nebraska
17.31,PIERCE,Nebraska
35.19,PLATTE,Nebraska
13.64,POLK,Nebraska
14.94,RED WILLOW,Nebraska
14.77,RICHARDSON,Nebraska
23.08,ROCK,Nebraska
25.0,SALINE,Nebraska
21.51,SARPY,Nebraska
16.36,SAUNDERS,Nebraska
17.8,SCOTT BLUFF,Nebraska
14.62,SEWARD,Nebraska
14.04,SHERIDAN,Nebraska
14.81,SHERMAN,Nebraska
0.0,SIOUX,Nebraska
17.39,STANTON,Nebraska
17.31,THAYER,Nebraska
60.0,THOMAS,Nebraska
19.35,THURSTON,Nebraska
19.57,VALLEY,Nebraska
20.0,WASHINGTON,Nebraska
10.26,WAYNE,Nebraska
21.21,WEBSTER,Nebraska
12.5,WHEELER,Nebraska
16.98,YORK,Nebraska
21.56,CARSON CITY,Nevada
26.22,CHURCHILL,Nevada
27.15,CLARK,Nevada
18.3,DOUGLAS,Nevada
17.0,ELKO,Nevada
11.11,ESMERALDA,Nevada
28.57,EUREKA,Nevada
14.95,HUMBOLDT,Nevada
13.79,LANDER,Nevada
14.0,LINCOLN,Nevada
19.09,LYON,Nevada
26.32,MINERAL,Nevada
32.95,NYE,Nevada
30.0,PERSHING,Nevada
30.77,STOREY,Nevada
21.03,WASHOE,Nevada
13.04,WHITE PINE,Nevada
14.84,BELKNAP,New Hampshire
17.63,CARROLL,New Hampshire
15.88,CHESHIRE,New Hampshire
17.41,COOS,New Hampshire
16.8,GRAFTON,New Hampshire
20.67,HILLSBOROUGH,New Hampshire
16.23,MERRIMACK,New Hampshire
20.69,ROCKINGHAM,New Hampshire
20.31,STRAFFORD,New Hampshire
13.64,SULLIVAN,New Hampshire
25.37,ATLANTIC,New Jersey
19.4,BERGEN,New Jersey
23.22,BURLINGTON,New Jersey
25.52,CAMDEN,New Jersey
19.49,CAPE MAY,New Jersey
24.56,CUMBERLAND,New Jersey
23.33,ESSEX,New Jersey
22.5,GLOUCESTER,New Jersey
20.84,HUDSON,New Jersey
19.91,HUNTERDON,New Jersey
21.03,MERCER,New Jersey
21.94,MIDDLESEX,New Jersey
21.93,MONMOUTH,New Jersey
20.13,MORRIS,New Jersey
25.57,OCEAN,New Jersey
20.4,PASSAIC,New Jersey
25.19,SALEM,New Jersey
19.58,SOMERSET,New Jersey
25.17,SUSSEX,New Jersey
20.64,UNION,New Jersey
27.01,WARREN,New Jersey
20.44,BERNALILLO,New Mexico
7.69,CATRON,New Mexico
24.17,CHAVES,New Mexico
22.12,CIBOLA,New Mexico
16.96,COLFAX,New Mexico
21.29,CURRY,New Mexico
18.52,DE BACA,New Mexico
14.63,DONA ANA,New Mexico
15.14,EDDY,New Mexico
13.73,GRANT,New Mexico
0.0,GUADALUPE,New Mexico
25.0,HARDING,New Mexico
31.82,HIDALGO,New Mexico
18.57,LEA,New Mexico
14.89,LINCOLN,New Mexico
19.69,LOS ALAMOS,New Mexico
18.56,LUNA,New Mexico
17.92,MCKINLEY,New Mexico
25.0,MORA,New Mexico
20.92,OTERO,New Mexico
12.7,QUAY,New Mexico
22.56,RIO ARRIBA,New Mexico
24.51,ROOSEVELT,New Mexico
15.55,SAN JUAN,New Mexico
23.58,SAN MIGUEL,New Mexico
19.79,SANDOVAL,New Mexico
14.97,SANTA FE,New Mexico
13.98,SIERRA,New Mexico
11.29,SOCORRO,New Mexico
19.31,TAOS,New Mexico
26.19,TORRANCE,New Mexico
10.81,UNION,New Mexico
22.46,VALENCIA,New Mexico
20.77,ALBANY,New York
20.37,ALLEGANY,New York
26.32,BRONX,New York
21.03,BROOME,New York
29.73,CATTARAUGUS,New York
23.38,CAYUGA,New York
32.45,CHAUTAUQUA,New York
25.29,CHEMUNG,New York
24.75,CHENANGO,New York
24.36,CLINTON,New York
17.91,COLUMBIA,New York
21.78,CORTLAND,New York
15.63,DELAWARE,New York
19.37,DUTCHESS,New York
31.62,ERIE,New York
17.31,ESSEX,New York
28.78,FRANKLIN,New York
28.28,FULTON,New York
18.75,GENESEE,New York
20.19,GREENE,New York
25.93,HAMILTON,New York
17.34,HERKIMER,New York
23.97,JEFFERSON,New York
26.55,KINGS,New York
29.27,LEWIS,New York
20.97,LIVINGSTON,New York
20.85,MADISON,New York
22.17,MONROE,New York
18.72,MONTGOMERY,New York
20.52,NASSAU,New York
18.7,NEW YORK,New York
29.11,NIAGARA,New York
23.56,ONEIDA,New York
22.33,ONONDAGA,New York
18.78,ONTARIO,New York
22.0,ORANGE,New York
16.46,ORLEANS,New York
27.75,OSWEGO,New York
22.6,OTSEGO,New York
19.11,PUTNAM,New York
22.25,QUEENS,New York
21.36,RENSSELAER,New York
25.06,RICHMOND,New York
22.9,ROCKLAND,New York
19.13,SARATOGA,New York
23.68,SCHENECTADY,New York
14.13,SCHOHARIE,New York
19.3,SCHUYLER,New York
14.04,SENECA,New York
29.67,ST. LAWRENCE,New York
21.43,STEUBEN,New York
21.3,SUFFOLK,New York
22.27,SULLIVAN,New York
15.04,TIOGA,New York
14.75,TOMPKINS,New York
18.12,ULSTER,New York
22.29,WARREN,New York
22.99,WASHINGTON,New York
24.86,WAYNE,New York
19.84,WESTCHESTER,New York
26.0,WYOMING,New York
8.33,YATES,New York
28.05,ALAMANCE,North Carolina
16.44,ALEXANDER,North Carolina
19.23,ALLEGHANY,North Carolina
31.67,ANSON,North Carolina
17.31,ASHE,North Carolina
25.4,AVERY,North Carolina
22.66,BEAUFORT,North Carolina
34.06,BERTIE,North Carolina
30.38,BLADEN,North Carolina
19.25,BRUNSWICK,North Carolina
17.87,BUNCOMBE,North Carolina
19.34,BURKE,North Carolina
21.18,CABARRUS,North Carolina
21.52,CALDWELL,North Carolina
36.67,CAMDEN,North Carolina
17.49,CARTERET,North Carolina
22.83,CASWELL,North Carolina
25.91,CATAWBA,North Carolina
18.67,CHATHAM,North Carolina
29.34,CHEROKEE,North Carolina
24.76,CHOWAN,North Carolina
25.96,CLAY,North Carolina
24.22,CLEVELAND,North Carolina
30.67,COLUMBUS,North Carolina
23.94,CRAVEN,North Carolina
26.94,CUMBERLAND,North Carolina
16.88,CURRITUCK,North Carolina
15.25,DARE,North Carolina
31.44,DAVIDSON,North Carolina
33.14,DAVIE,North Carolina
23.68,DUPLIN,North Carolina
21.4,DURHAM,North Carolina
27.93,EDGECOMBE,North Carolina
26.81,FORSYTH,North Carolina
18.22,FRANKLIN,North Carolina
27.8,GASTON,North Carolina
21.25,GATES,North Carolina
16.07,GRAHAM,North Carolina
28.77,GRANVILLE,North Carolina
25.0,GREENE,North Carolina
27.56,GUILFORD,North Carolina
27.01,HALIFAX,North Carolina
26.99,HARNETT,North Carolina
17.66,HAYWOOD,North Carolina
21.45,HENDERSON,North Carolina
28.76,HERTFORD,North Carolina
36.84,HOKE,North Carolina
16.67,HYDE,North Carolina
22.64,IREDELL,North Carolina
17.37,JACKSON,North Carolina
23.17,JOHNSTON,North Carolina
29.33,JONES,North Carolina
22.8,LEE,North Carolina
23.36,LENOIR,North Carolina
22.95,LINCOLN,North Carolina
19.63,MACON,North Carolina
19.33,MADISON,North Carolina
21.52,MARTIN,North Carolina
22.13,MC DOWELL,North Carolina
18.64,MECKLENBURG,North Carolina
22.12,MITCHELL,North Carolina
24.3,MONTGOMERY,North Carolina
25.07,MOORE,North Carolina
23.64,NASH,North Carolina
19.72,NEW HANOVER,North Carolina
34.71,NORTHAMPTON,North Carolina
24.02,ONSLOW,North Carolina
16.87,ORANGE,North Carolina
24.31,PAMLICO,North Carolina
21.34,PASQUOTANK,North Carolina
22.04,PENDER,North Carolina
22.86,PERQUIMANS,North Carolina
37.34,PERSON,North Carolina
28.29,PITT,North Carolina
14.29,POLK,North Carolina
27.59,RANDOLPH,North Carolina
25.52,RICHMOND,North Carolina
28.57,ROBESON,North Carolina
30.25,ROCKINGHAM,North Carolina
24.25,ROWAN,North Carolina
17.88,RUTHERFORD,North Carolina
30.64,SAMPSON,North Carolina
34.32,SCOTLAND,North Carolina
24.77,STANLY,North Carolina
17.19,STOKES,North Carolina
27.01,SURRY,North Carolina
17.17,SWAIN,North Carolina
18.26,TRANSYLVANIA,North Carolina
11.76,TYRRELL,North Carolina
21.34,UNION,North Carolina
33.33,VANCE,North Carolina
20.5,WAKE,North Carolina
28.3,WARREN,North Carolina
19.32,WASHINGTON,North Carolina
19.7,WATAUGA,North Carolina
30.12,WAYNE,North Carolina
25.27,WILKES,North Carolina
24.61,WILSON,North Carolina
37.29,YADKIN,North Carolina
24.8,YANCEY,North Carolina
12.5,ADAMS,North Dakota
20.45,BARNES,North Dakota
32.56,BENSON,North Dakota
17.31,BOTTINEAU,North Dakota
17.39,BOWMAN,North Dakota
25.0,BURKE,North Dakota
20.12,BURLEIGH,North Dakota
28.1,CASS,North Dakota
22.22,CAVALIER,North Dakota
10.53,DICKEY,North Dakota
15.79,DIVIDE,North Dakota
35.0,DUNN,North Dakota
13.64,EDDY,North Dakota
15.15,EMMONS,North Dakota
21.05,FOSTER,North Dakota
0.0,GOLDEN VALLEY,North Dakota
25.35,GRAND FORKS,North Dakota
5.56,GRANT,North Dakota
40.0,GRIGGS,North Dakota
20.83,HETTINGER,North Dakota
8.33,KIDDER,North Dakota
32.5,LA MOURE,North Dakota
27.78,LOGAN,North Dakota
24.0,MCHENRY,North Dakota
16.13,MCINTOSH,North Dakota
24.32,MCKENZIE,North Dakota
22.61,MCLEAN,North Dakota
21.43,MERCER,North Dakota
23.23,MORTON,North Dakota
11.11,MOUNTRAIL,North Dakota
33.33,NELSON,North Dakota
0.0,OLIVER,North Dakota
20.97,PEMBINA,North Dakota
18.75,PIERCE,North Dakota
21.28,RAMSEY,North Dakota
23.08,RANSOM,North Dakota
36.36,RENVILLE,North Dakota
16.46,RICHLAND,North Dakota
22.06,ROLETTE,North Dakota
31.58,SARGENT,North Dakota
13.33,SHERIDAN,North Dakota
13.33,SIOUX,North Dakota
0.0,SLOPE,North Dakota
14.57,STARK,North Dakota
30.0,STEELE,North Dakota
17.43,STUTSMAN,North Dakota
25.0,TOWNER,North Dakota
7.58,TRAILL,North Dakota
23.38,WALSH,North Dakota
24.76,WARD,North Dakota
19.05,WELLS,North Dakota
12.7,WILLIAMS,North Dakota
27.7,ADAMS,Ohio
25.11,ALLEN,Ohio
21.58,ASHLAND,Ohio
20.86,ASHTABULA,Ohio
28.8,ATHENS,Ohio
16.61,AUGLAIZE,Ohio
15.83,BELMONT,Ohio
24.81,BROWN,Ohio
22.52,BUTLER,Ohio
18.57,CARROLL,Ohio
22.15,CHAMPAIGN,Ohio
24.56,CLARK,Ohio
20.2,CLERMONT,Ohio
28.08,CLINTON,Ohio
24.71,COLUMBIANA,Ohio
27.23,COSHOCTON,Ohio
24.45,CRAWFORD,Ohio
24.17,CUYAHOGA,Ohio
23.84,DARKE,Ohio
25.79,DEFIANCE,Ohio
20.99,DELAWARE,Ohio
26.46,ERIE,Ohio
23.13,FAIRFIELD,Ohio
26.19,FAYETTE,Ohio
24.29,FRANKLIN,Ohio
17.77,FULTON,Ohio
31.85,GALLIA,Ohio
19.58,GEAUGA,Ohio
25.0,GREENE,Ohio
29.46,GUERNSEY,Ohio
20.54,HAMILTON,Ohio
26.32,HANCOCK,Ohio
21.08,HARDIN,Ohio
21.43,HARRISON,Ohio
28.14,HENRY,Ohio
30.95,HIGHLAND,Ohio
25.71,HOCKING,Ohio
16.51,HOLMES,Ohio
18.28,HURON,Ohio
34.87,JACKSON,Ohio
32.49,JEFFERSON,Ohio
26.73,KNOX,Ohio
20.02,LAKE,Ohio
31.27,LAWRENCE,Ohio
24.87,LICKING,Ohio
21.13,LOGAN,Ohio
25.11,LORAIN,Ohio
23.22,LUCAS,Ohio
27.03,MADISON,Ohio
22.98,MAHONING,Ohio
25.47,MARION,Ohio
23.45,MEDINA,Ohio
35.78,MEIGS,Ohio
18.82,MERCER,Ohio
24.95,MIAMI,Ohio
21.05,MONROE,Ohio
26.3,MONTGOMERY,Ohio
31.03,MORGAN,Ohio
20.69,MORROW,Ohio
24.49,MUSKINGUM,Ohio
25.58,NOBLE,Ohio
16.55,OTTAWA,Ohio
27.03,PAULDING,Ohio
27.74,PERRY,Ohio
31.25,PICKAWAY,Ohio
43.59,PIKE,Ohio
25.0,PORTAGE,Ohio
20.53,PREBLE,Ohio
23.33,PUTNAM,Ohio
22.24,RICHLAND,Ohio
30.19,ROSS,Ohio
28.43,SANDUSKY,Ohio
27.93,SCIOTO,Ohio
25.2,SENECA,Ohio
18.94,SHELBY,Ohio
24.49,STARK,Ohio
23.63,SUMMIT,Ohio
23.05,TRUMBULL,Ohio
23.2,TUSCARAWAS,Ohio
22.14,UNION,Ohio
24.19,VAN WERT,Ohio
26.67,VINTON,Ohio
22.6,WARREN,Ohio
20.59,WASHINGTON,Ohio
18.06,WAYNE,Ohio
26.92,WILLIAMS,Ohio
25.16,WOOD,Ohio
18.54,WYANDOT,Ohio
28.7,ADAIR,Oklahoma
23.91,ALFALFA,Oklahoma
22.5,ATOKA,Oklahoma
12.12,BEAVER,Oklahoma
17.95,BECKHAM,Oklahoma
21.74,BLAINE,Oklahoma
22.34,BRYAN,Oklahoma
26.67,CADDO,Oklahoma
24.29,CANADIAN,Oklahoma
31.11,CARTER,Oklahoma
22.13,CHEROKEE,Oklahoma
25.89,CHOCTAW,Oklahoma
9.52,CIMARRON,Oklahoma
20.09,CLEVELAND,Oklahoma
22.22,COAL,Oklahoma
27.63,COMANCHE,Oklahoma
30.3,COTTON,Oklahoma
23.64,CRAIG,Oklahoma
22.41,CREEK,Oklahoma
23.7,CUSTER,Oklahoma
21.3,DELAWARE,Oklahoma
25.71,DEWEY,Oklahoma
18.18,ELLIS,Oklahoma
27.58,GARFIELD,Oklahoma
18.62,GARVIN,Oklahoma
22.38,GRADY,Oklahoma
8.11,GRANT,Oklahoma
23.91,GREER,Oklahoma
33.33,HARMON,Oklahoma
26.92,HARPER,Oklahoma
25.97,HASKELL,Oklahoma
29.11,HUGHES,Oklahoma
24.22,JACKSON,Oklahoma
36.17,JEFFERSON,Oklahoma
20.83,JOHNSTON,Oklahoma
19.33,KAY,Oklahoma
31.87,KINGFISHER,Oklahoma
26.67,KIOWA,Oklahoma
29.27,LATIMER,Oklahoma
27.89,LE FLORE,Oklahoma
22.22,LINCOLN,Oklahoma
27.33,LOGAN,Oklahoma
37.5,LOVE,Oklahoma
21.54,MAJOR,Oklahoma
16.35,MARSHALL,Oklahoma
22.22,MAYES,Oklahoma
21.67,MCCLAIN,Oklahoma
29.02,MCCURTAIN,Oklahoma
20.86,MCINTOSH,Oklahoma
26.04,MURRAY,Oklahoma
25.63,MUSKOGEE,Oklahoma
25.0,NOBLE,Oklahoma
13.64,NOWATA,Oklahoma
25.37,OKFUSKEE,Oklahoma
24.75,OKLAHOMA,Oklahoma
26.92,OKMULGEE,Oklahoma
21.85,OSAGE,Oklahoma
28.26,OTTAWA,Oklahoma
28.0,PAWNEE,Oklahoma
17.36,PAYNE,Oklahoma
21.62,PITTSBURG,Oklahoma
23.29,PONTOTOC,Oklahoma
22.9,POTTAWATOMIE,Oklahoma
19.79,PUSHMATAHA,Oklahoma
24.14,ROGER MILLS,Oklahoma
25.77,ROGERS,Oklahoma
30.47,SEMINOLE,Oklahoma
20.09,SEQUOYAH,Oklahoma
27.3,STEPHENS,Oklahoma
7.61,TEXAS,Oklahoma
23.91,TILLMAN,Oklahoma
24.48,TULSA,Oklahoma
29.01,WAGONER,Oklahoma
18.1,WASHINGTON,Oklahoma
13.41,WASHITA,Oklahoma
21.92,WOODS,Oklahoma
11.21,WOODWARD,Oklahoma
15.34,BAKER,Oregon
10.48,BENTON,Oregon
19.28,CLACKAMAS,Oregon
15.18,CLATSOP,Oregon
21.94,COLUMBIA,Oregon
22.26,COOS,Oregon
16.58,CROOK,Oregon
16.49,CURRY,Oregon
13.93,DESCHUTES,Oregon
22.24,DOUGLAS,Oregon
19.23,GILLIAM,Oregon
9.38,GRANT,Oregon
10.71,HARNEY,Oregon
16.83,HOOD RIVER,Oregon
17.58,JACKSON,Oregon
16.67,JEFFERSON,Oregon
21.13,JOSEPHINE,Oregon
17.08,KLAMATH,Oregon
8.57,LAKE,Oregon
20.32,LANE,Oregon
17.78,LINCOLN,Oregon
23.19,LINN,Oregon
19.08,MALHEUR,Oregon
19.48,MARION,Oregon
13.04,MORROW,Oregon
19.91,MULTNOMAH,Oregon
22.57,POLK,Oregon
12.5,SHERMAN,Oregon
17.53,TILLAMOOK,Oregon
18.13,UMATILLA,Oregon
19.88,UNION,Oregon
22.77,WALLOWA,Oregon
18.48,WASCO,Oregon
17.18,WASHINGTON,Oregon
12.5,WHEELER,Oregon
21.87,YAMHILL,Oregon
20.61,ADAMS,Pennsylvania
21.36,ALLEGHENY,Pennsylvania
23.5,ARMSTRONG,Pennsylvania
27.25,BEAVER,Pennsylvania
20.19,BEDFORD,Pennsylvania
23.03,BERKS,Pennsylvania
25.11,BLAIR,Pennsylvania
18.41,BRADFORD,Pennsylvania
23.01,BUCKS,Pennsylvania
21.54,BUTLER,Pennsylvania
23.84,CAMBRIA,Pennsylvania
25.0,CAMERON,Pennsylvania
24.05,CARBON,Pennsylvania
27.18,CENTRE,Pennsylvania
20.44,CHESTER,Pennsylvania
22.78,CLARION,Pennsylvania
28.13,CLEARFIELD,Pennsylvania
27.86,CLINTON,Pennsylvania
31.27,COLUMBIA,Pennsylvania
21.41,CRAWFORD,Pennsylvania
24.71,CUMBERLAND,Pennsylvania
27.52,DAUPHIN,Pennsylvania
21.52,DELAWARE,Pennsylvania
28.05,ELK,Pennsylvania
21.54,ERIE,Pennsylvania
23.01,FAYETTE,Pennsylvania
18.75,FOREST,Pennsylvania
24.37,FRANKLIN,Pennsylvania
16.48,FULTON,Pennsylvania
24.79,GREENE,Pennsylvania
27.41,HUNTINGDON,Pennsylvania
19.91,INDIANA,Pennsylvania
23.92,JEFFERSON,Pennsylvania
27.78,JUNIATA,Pennsylvania
25.66,LACKAWANNA,Pennsylvania
29.53,LANCASTER,Pennsylvania
25.47,LAWRENCE,Pennsylvania
21.72,LEBANON,Pennsylvania
25.71,LEHIGH,Pennsylvania
27.09,LUZERNE,Pennsylvania
28.41,LYCOMING,Pennsylvania
16.73,MC KEAN,Pennsylvania
27.59,MERCER,Pennsylvania
31.84,MIFFLIN,Pennsylvania
27.36,MONROE,Pennsylvania
21.49,MONTGOMERY,Pennsylvania
34.29,MONTOUR,Pennsylvania
25.46,NORTHAMPTON,Pennsylvania
32.64,NORTHUMBERLND,Pennsylvania
32.37,PERRY,Pennsylvania
26.64,PHILADELPHIA,Pennsylvania
24.91,PIKE,Pennsylvania
15.96,POTTER,Pennsylvania
27.22,SCHUYLKILL,Pennsylvania
27.27,SNYDER,Pennsylvania
21.59,SOMERSET,Pennsylvania
18.6,SULLIVAN,Pennsylvania
17.05,SUSQUEHANNA,Pennsylvania
21.24,TIOGA,Pennsylvania
20.83,UNION,Pennsylvania
27.83,VENANGO,Pennsylvania
16.8,WARREN,Pennsylvania
25.09,WASHINGTON,Pennsylvania
19.12,WAYNE,Pennsylvania
26.08,WESTMORELAND,Pennsylvania
12.57,WYOMING,Pennsylvania
26.13,YORK,Pennsylvania
20.53,BRISTOL,Rhode Island
26.63,KENT,Rhode Island
23.64,NEWPORT,Rhode Island
22.59,PROVIDENCE,Rhode Island
17.73,WASHINGTON,Rhode Island
22.52,ABBEVILLE,South Carolina
21.98,AIKEN,South Carolina
13.95,ALLENDALE,South Carolina
20.63,ANDERSON,South Carolina
20.0,BAMBERG,South Carolina
28.75,BARNWELL,South Carolina
16.77,BEAUFORT,South Carolina
22.33,BERKELEY,South Carolina
17.19,CALHOUN,South Carolina
19.87,CHARLESTON,South Carolina
22.39,CHEROKEE,South Carolina
14.65,CHESTER,South Carolina
20.37,CHESTERFIELD,South Carolina
24.27,CLARENDON,South Carolina
21.43,COLLETON,South Carolina
24.68,DARLINGTON,South Carolina
18.83,DILLON,South Carolina
19.54,DORCHESTER,South Carolina
12.79,EDGEFIELD,South Carolina
17.86,FAIRFIELD,South Carolina
26.27,FLORENCE,South Carolina
16.29,GEORGETOWN,South Carolina
21.08,GREENVILLE,South Carolina
20.53,GREENWOOD,South Carolina
19.35,HAMPTON,South Carolina
20.84,HORRY,South Carolina
20.54,JASPER,South Carolina
20.59,KERSHAW,South Carolina
21.66,LANCASTER,South Carolina
20.74,LAURENS,South Carolina
23.4,LEE,South Carolina
18.12,LEXINGTON,South Carolina
23.5,MARION,South Carolina
27.56,MARLBORO,South Carolina
23.81,MCCORMICK,South Carolina
18.38,NEWBERRY,South Carolina
17.69,OCONEE,South Carolina
20.9,ORANGEBURG,South Carolina
20.38,PICKENS,South Carolina
20.13,RICHLAND,South Carolina
24.32,SALUDA,South Carolina
19.61,SPARTANBURG,South Carolina
29.48,SUMTER,South Carolina
15.52,UNION,South Carolina
25.19,WILLIAMSBURG,South Carolina
17.89,YORK,South Carolina
15.0,AURORA,South Dakota
21.55,BEADLE,South Dakota
28.57,BENNETT,South Dakota
24.0,BON HOMME,South Dakota
19.84,BROOKINGS,South Dakota
19.41,BROWN,South Dakota
42.31,BRULE,South Dakota
25.0,BUFFALO,South Dakota
15.28,BUTTE,South Dakota
20.83,CAMPBELL,South Dakota
27.87,CHARLES MIX,South Dakota
4.55,CLARK,South Dakota
17.54,CLAY,South Dakota
28.32,CODINGTON,South Dakota
6.67,CORSON,South Dakota
13.92,CUSTER,South Dakota
19.38,DAVISON,South Dakota
21.95,DAY,South Dakota
10.53,DEUEL,South Dakota
20.83,DEWEY,South Dakota
21.74,DOUGLAS,South Dakota
22.86,EDMUNDS,South Dakota
17.24,FALL RIVER,South Dakota
26.09,FAULK,South Dakota
13.79,GRANT,South Dakota
22.22,GREGORY,South Dakota
23.53,HAAKON,South Dakota
11.11,HAMLIN,South Dakota
14.81,HAND,South Dakota
20.51,HANSON,South Dakota
0.0,HARDING,South Dakota
16.03,HUGHES,South Dakota
21.43,HUTCHINSON,South Dakota
30.77,HYDE,South Dakota
14.29,JACKSON,South Dakota
12.5,JERAULD,South Dakota
33.33,JONES,South Dakota
26.09,KINGSBURY,South Dakota
13.1,LAKE,South Dakota
13.53,LAWRENCE,South Dakota
30.14,LINCOLN,South Dakota
17.39,LYMAN,South Dakota
18.52,MARSHALL,South Dakota
8.7,MC COOK,South Dakota
17.65,MC PHERSON,South Dakota
10.66,MEADE,South Dakota
16.67,MELLETTE,South Dakota
47.06,MINER,South Dakota
19.26,MINNEHAHA,South Dakota
9.52,MOODY,South Dakota
15.72,PENNINGTON,South Dakota
0.0,PERKINS,South Dakota
11.76,POTTER,South Dakota
13.56,ROBERTS,South Dakota
23.81,SANBORN,South Dakota
7.41,SHANNON,South Dakota
36.54,SPINK,South Dakota
15.0,STANLEY,South Dakota
25.0,SULLY,South Dakota
21.43,TODD,South Dakota
20.0,TRIPP,South Dakota
34.62,TURNER,South Dakota
16.35,UNION,South Dakota
29.79,WALWORTH,South Dakota
22.46,YANKTON,South Dakota
33.33,ZIEBACH,South Dakota
23.68,ANDERSON,Tennessee
30.81,BEDFORD,Tennessee
20.83,BENTON,Tennessee
24.44,BLEDSOE,Tennessee
26.19,BLOUNT,Tennessee
27.79,BRADLEY,Tennessee
22.88,CAMPBELL,Tennessee
37.88,CANNON,Tennessee
18.96,CARROLL,Tennessee
20.26,CARTER,Tennessee
33.33,CHEATHAM,Tennessee
19.74,CHESTER,Tennessee
33.33,CLAIBORNE,Tennessee
29.41,CLAY,Tennessee
37.42,COCKE,Tennessee
24.38,COFFEE,Tennessee
24.78,CROCKETT,Tennessee
21.36,CUMBERLAND,Tennessee
25.29,DAVIDSON,Tennessee
26.83,DE KALB,Tennessee
18.57,DECATUR,Tennessee
25.79,DICKSON,Tennessee
22.87,DYER,Tennessee
20.0,FAYETTE,Tennessee
20.71,FENTRESS,Tennessee
25.55,FRANKLIN,Tennessee
26.67,GIBSON,Tennessee
22.16,GILES,Tennessee
24.68,GRAINGER,Tennessee
30.54,GREENE,Tennessee
20.27,GRUNDY,Tennessee
26.23,HAMBLEN,Tennessee
24.12,HAMILTON,Tennessee
21.43,HANCOCK,Tennessee
20.5,HARDEMAN,Tennessee
19.88,HARDIN,Tennessee
32.81,HAWKINS,Tennessee
26.44,HAYWOOD,Tennessee
18.75,HENDERSON,Tennessee
19.77,HENRY,Tennessee
19.0,HICKMAN,Tennessee
17.24,HOUSTON,Tennessee
27.83,HUMPHREYS,Tennessee
28.85,JACKSON,Tennessee
34.62,JEFFERSON,Tennessee
15.07,JOHNSON,Tennessee
22.04,KNOX,Tennessee
37.14,LAKE,Tennessee
19.86,LAUDERDALE,Tennessee
30.5,LAWRENCE,Tennessee
31.67,LEWIS,Tennessee
19.23,LINCOLN,Tennessee
23.54,LOUDON,Tennessee
42.86,MACON,Tennessee
24.12,MADISON,Tennessee
28.83,MARION,Tennessee
29.73,MARSHALL,Tennessee
29.92,MAURY,Tennessee
29.47,MC MINN,Tennessee
21.67,MC NAIRY,Tennessee
19.05,MEIGS,Tennessee
24.32,MONROE,Tennessee
24.32,MONTGOMERY,Tennessee
40.0,MOORE,Tennessee
16.67,MORGAN,Tennessee
22.55,OBION,Tennessee
23.02,OVERTON,Tennessee
17.65,PERRY,Tennessee
16.22,PICKETT,Tennessee
25.25,POLK,Tennessee
23.32,PUTNAM,Tennessee
25.14,RHEA,Tennessee
24.37,ROANE,Tennessee
26.23,ROBERTSON,Tennessee
26.27,RUTHERFORD,Tennessee
30.16,SCOTT,Tennessee
29.35,SEQUATCHIE,Tennessee
26.61,SEVIER,Tennessee
21.31,SHELBY,Tennessee
25.56,SMITH,Tennessee
20.62,STEWART,Tennessee
26.51,SULLIVAN,Tennessee
31.44,SUMNER,Tennessee
25.89,TIPTON,Tennessee
31.82,TROUSDALE,Tennessee
24.39,UNICOI,Tennessee
32.56,UNION,Tennessee
41.18,VAN BUREN,Tennessee
40.43,WARREN,Tennessee
26.14,WASHINGTON,Tennessee
20.62,WAYNE,Tennessee
26.29,WEAKLEY,Tennessee
34.03,WHITE,Tennessee
18.3,WILLIAMSON,Tennessee
24.07,WILSON,Tennessee
22.13,ANDERSON,Texas
15.38,ANDREWS,Texas
36.39,ANGELINA,Texas
23.78,ARANSAS,Texas
18.42,ARCHER,Texas
26.32,ARMSTRONG,Texas
24.43,ATASCOSA,Texas
17.07,AUSTIN,Texas
31.03,BAILEY,Texas
22.88,BANDERA,Texas
17.32,BASTROP,Texas
26.09,BAYLOR,Texas
22.22,BEE,Texas
26.43,BELL,Texas
27.68,BEXAR,Texas
25.29,BLANCO,Texas
14.81,BOSQUE,Texas
22.25,BOWIE,Texas
23.81,BRAZORIA,Texas
23.79,BRAZOS,Texas
26.0,BREWSTER,Texas
36.84,BRISCOE,Texas
35.29,BROOKS,Texas
17.57,BROWN,Texas
18.0,BURLESON,Texas
23.26,BURNET,Texas
17.6,CALDWELL,Texas
22.35,CALHOUN,Texas
22.35,CALLAHAN,Texas
32.8,CAMERON,Texas
16.88,CAMP,Texas
20.0,CARSON,Texas
17.07,CASS,Texas
14.71,CASTRO,Texas
23.81,CHAMBERS,Texas
14.56,CHEROKEE,Texas
3.03,CHILDRESS,Texas
19.23,CLAY,Texas
18.18,COCHRAN,Texas
31.82,COKE,Texas
16.67,COLEMAN,Texas
23.59,COLLIN,Texas
16.0,COLLINGSWORTH,Texas
21.58,COLORADO,Texas
23.52,COMAL,Texas
18.45,COMANCHE,Texas
23.08,CONCHO,Texas
20.0,COOKE,Texas
23.96,CORYELL,Texas
23.53,COTTLE,Texas
33.33,CRANE,Texas
25.0,CROCKETT,Texas
20.0,CROSBY,Texas
10.53,CULBERSON,Texas
20.93,DALLAM,Texas
25.3,DALLAS,Texas
25.0,DAWSON,Texas
17.86,DE WITT,Texas
29.69,DEAF SMITH,Texas
16.13,DELTA,Texas
24.51,DENTON,Texas
7.14,DICKENS,Texas
24.32,DIMMIT,Texas
23.33,DONLEY,Texas
33.33,DUVAL,Texas
16.81,EASTLAND,Texas
18.63,ECTOR,Texas
21.43,EDWARDS,Texas
28.67,EL PASO,Texas
24.85,ELLIS,Texas
14.66,ERATH,Texas
16.0,FALLS,Texas
18.75,FANNIN,Texas
16.9,FAYETTE,Texas
5.88,FISHER,Texas
20.93,FLOYD,Texas
42.86,FOARD,Texas
19.79,FORT BEND,Texas
30.36,FRANKLIN,Texas
23.64,FREESTONE,Texas
25.86,FRIO,Texas
16.0,GAINES,Texas
22.64,GALVESTON,Texas
22.22,GARZA,Texas
26.1,GILLESPIE,Texas
0.0,GLASSCOCK,Texas
21.43,GOLIAD,Texas
20.54,GONZALES,Texas
21.51,GRAY,Texas
19.44,GRAYSON,Texas
19.88,GREGG,Texas
21.28,GRIMES,Texas
25.0,GUADALUPE,Texas
15.6,HALE,Texas
18.52,HALL,Texas
12.2,HAMILTON,Texas
9.68,HANSFORD,Texas
18.52,HARDEMAN,Texas
34.12,HARDIN,Texas
24.17,HARRIS,Texas
23.29,HARRISON,Texas
0.0,HARTLEY,Texas
12.2,HASKELL,Texas
17.9,HAYS,Texas
5.88,HEMPHILL,Texas
22.43,HENDERSON,Texas
33.81,HIDALGO,Texas
19.89,HILL,Texas
26.51,HOCKLEY,Texas
18.71,HOOD,Texas
18.58,HOPKINS,Texas
22.32,HOUSTON,Texas
16.79,HOWARD,Texas
10.0,HUDSPETH,Texas
23.53,HUNT,Texas
21.0,HUTCHINSON,Texas
66.67,IRION,Texas
15.79,JACK,Texas
25.0,JACKSON,Texas
34.52,JASPER,Texas
22.22,JEFF DAVIS,Texas
27.47,JEFFERSON,Texas
11.11,JIM HOGG,Texas
19.67,JIM WELLS,Texas
26.69,JOHNSON,Texas
25.71,JONES,Texas
19.28,KARNES,Texas
22.2,KAUFMAN,Texas
18.93,KENDALL,Texas
0.0,KENEDY,Texas
0.0,KENT,Texas
20.48,KERR,Texas
16.33,KIMBLE,Texas
100.0,KING,Texas
17.65,KINNEY,Texas
33.33,KLEBERG,Texas
20.83,KNOX,Texas
14.29,LA SALLE,Texas
32.43,LAMAR,Texas
18.84,LAMB,Texas
21.49,LAMPASAS,Texas
22.75,LAVACA,Texas
31.51,LEE,Texas
21.23,LEON,Texas
24.12,LIBERTY,Texas
23.0,LIMESTONE,Texas
20.0,LIPSCOMB,Texas
22.5,LIVE OAK,Texas
24.54,LLANO,Texas
21.78,LUBBOCK,Texas
25.0,LYNN,Texas
29.17,MADISON,Texas
25.81,MARION,Texas
5.56,MARTIN,Texas
27.59,MASON,Texas
25.55,MATAGORDA,Texas
29.86,MAVERICK,Texas
22.95,MC CULLOCH,Texas
21.21,MC LENNAN,Texas
37.5,MC MULLEN,Texas
31.55,MEDINA,Texas
28.57,MENARD,Texas
20.05,MIDLAND,Texas
15.6,MILAM,Texas
7.41,MILLS,Texas
22.22,MITCHELL,Texas
15.85,MONTAGUE,Texas
21.51,MONTGOMERY,Texas
17.39,MOORE,Texas
21.79,MORRIS,Texas
30.77,MOTLEY,Texas
18.8,NACOGDOCHES,Texas
21.08,NAVARRO,Texas
30.91,NEWTON,Texas
33.33,NOLAN,Texas
24.28,NUECES,Texas
10.34,OCHILTREE,Texas
22.22,OLDHAM,Texas
23.8,ORANGE,Texas
20.13,PALO PINTO,Texas
12.41,PANOLA,Texas
27.83,PARKER,Texas
27.08,PARMER,Texas
12.07,PECOS,Texas
20.35,POLK,Texas
22.96,POTTER,Texas
13.79,PRESIDIO,Texas
22.54,RAINS,Texas
24.14,RANDALL,Texas
16.67,REAGAN,Texas
26.67,REAL,Texas
41.11,RED RIVER,Texas
16.36,REEVES,Texas
22.45,REFUGIO,Texas
0.0,ROBERTS,Texas
29.63,ROBERTSON,Texas
18.58,ROCKWALL,Texas
19.54,RUNNELS,Texas
20.31,RUSK,Texas
20.91,SABINE,Texas
34.69,SAN AUGUSTINE,Texas
23.19,SAN JACINTO,Texas
27.59,SAN PATRICIO,Texas
16.67,SAN SABA,Texas
30.77,SCHLEICHER,Texas
17.95,SCURRY,Texas
36.36,SHACKELFORD,Texas
19.83,SHELBY,Texas
9.09,SHERMAN,Texas
19.88,SMITH,Texas
19.51,SOMERVELL,Texas
35.58,STARR,Texas
27.66,STEPHENS,Texas
22.22,STERLING,Texas
27.27,STONEWALL,Texas
16.67,SUTTON,Texas
30.23,SWISHER,Texas
26.38,TARRANT,Texas
21.54,TAYLOR,Texas
0.0,TERRELL,Texas
20.83,TERRY,Texas
5.88,THROCKMORTON,Texas
20.69,TITUS,Texas
27.05,TOM GREEN,Texas
17.77,TRAVIS,Texas
29.47,TRINITY,Texas
29.82,TYLER,Texas
20.32,UPSHUR,Texas
16.67,UPTON,Texas
11.76,UVALDE,Texas
31.36,VAL VERDE,Texas
20.63,VAN ZANDT,Texas
27.06,VICTORIA,Texas
22.47,WALKER,Texas
16.0,WALLER,Texas
17.14,WARD,Texas
22.35,WASHINGTON,Texas
26.12,WEBB,Texas
23.64,WHARTON,Texas
13.79,WHEELER,Texas
26.43,WICHITA,Texas
15.79,WILBARGER,Texas
48.08,WILLACY,Texas
18.73,WILLIAMSON,Texas
24.22,WILSON,Texas
18.52,WINKLER,Texas
27.47,WISE,Texas
17.71,WOOD,Texas
25.93,YOAKUM,Texas
21.55,YOUNG,Texas
46.34,ZAPATA,Texas
18.52,ZAVALA,Texas
15.63,BEAVER,Utah
21.25,BOX ELDER,Utah
21.54,CACHE,Utah
18.71,CARBON,Utah
22.22,DAGGETT,Utah
23.22,DAVIS,Utah
14.47,DUCHESNE,Utah
16.33,EMERY,Utah
20.41,GARFIELD,Utah
18.42,GRAND,Utah
24.4,IRON,Utah
12.28,JUAB,Utah
17.72,KANE,Utah
24.0,MILLARD,Utah
21.95,MORGAN,Utah
16.67,PIUTE,Utah
14.29,RICH,Utah
24.02,SALT LAKE,Utah
20.55,SAN JUAN,Utah
18.18,SANPETE,Utah
21.77,SEVIER,Utah
12.82,SUMMIT,Utah
33.33,TOOELE,Utah
12.28,UINTAH,Utah
23.96,UTAH,Utah
20.59,WASATCH,Utah
21.64,WASHINGTON,Utah
22.73,WAYNE,Utah
25.2,WEBER,Utah
17.05,ADDISON,Vermont
17.94,BENNINGTON,Vermont
13.36,CALEDONIA,Vermont
15.68,CHITTENDEN,Vermont
14.29,ESSEX,Vermont
22.38,FRANKLIN,Vermont
27.42,GRAND ISLE,Vermont
11.99,LAMOILLE,Vermont
17.04,ORANGE,Vermont
11.79,ORLEANS,Vermont
12.93,RUTLAND,Vermont
16.98,WASHINGTON,Vermont
10.59,WINDHAM,Vermont
15.09,WINDSOR,Vermont
22.56,ACCOMACK,Virginia
18.06,ALBEMARLE,Virginia
18.72,ALEXANDRIA CITY,Virginia
27.27,ALLEGHANY,Virginia
25.71,AMELIA,Virginia
28.57,AMHERST,Virginia
16.09,APPOMATTOX,Virginia
16.08,ARLINGTON,Virginia
23.12,AUGUSTA,Virginia
22.0,BATH,Virginia
21.11,BEDFORD,Virginia
17.39,BLAND,Virginia
22.12,BOTETOURT,Virginia
24.34,BRISTOL CITY,Virginia
25.96,BRUNSWICK,Virginia
25.29,BUCHANAN,Virginia
28.09,BUCKINGHAM,Virginia
31.15,BUENA VISTA CITY,Virginia
22.4,CAMPBELL,Virginia
30.77,CAROLINE,Virginia
28.13,CARROLL,Virginia
24.64,CHARLES CITY,Virginia
22.12,CHARLOTTE,Virginia
18.8,CHARLOTTESVILLE CITY,Virginia
22.99,CHESAPEAKE CITY,Virginia
19.74,CHESTERFIELD,Virginia
22.83,CLARKE,Virginia
20.14,COLONIAL HEIGHTS CITY,Virginia
27.05,COVINGTON CITY,Virginia
31.43,CRAIG,Virginia
25.0,CULPEPER,Virginia
22.64,CUMBERLAND,Virginia
22.96,DANVILLE CITY,Virginia
33.8,DICKENSON,Virginia
24.76,DINWIDDIE,Virginia
29.33,EMPORIA CITY,Virginia
26.32,ESSEX,Virginia
18.16,FAIRFAX,Virginia
21.35,FAIRFAX CITY,Virginia
14.29,FALLS CHURCH CITY,Virginia
20.25,FAUQUIER,Virginia
22.03,FLOYD,Virginia
16.67,FLUVANNA,Virginia
21.25,FRANKLIN,Virginia
20.0,FRANKLIN CITY,Virginia
29.94,FREDERICK,Virginia
27.14,FREDERICKSBURG CITY,Virginia
29.13,GALAX CITY,Virginia
24.58,GILES,Virginia
24.1,GLOUCESTER,Virginia
15.32,GOOCHLAND,Virginia
27.06,GRAYSON,Virginia
11.61,GREENE,Virginia
30.0,GREENSVILLE,Virginia
19.66,HALIFAX,Virginia
26.49,HAMPTON CITY,Virginia
24.71,HANOVER,Virginia
24.34,HARRISONBURG CITY,Virginia
19.88,HENRICO,Virginia
26.34,HENRY,Virginia
17.24,HIGHLAND,Virginia
20.44,HOPEWELL CITY,Virginia
19.42,ISLE OF WIGHT,Virginia
23.58,JAMES CITY,Virginia
12.0,KING AND QUEEN,Virginia
26.45,KING GEORGE,Virginia
25.96,KING WILLIAM,Virginia
22.15,LANCASTER,Virginia
22.09,LEE,Virginia
18.42,LEXINGTON CITY,Virginia
19.13,LOUDOUN,Virginia
15.79,LOUISA,Virginia
24.29,LUNENBURG,Virginia
26.44,LYNCHBURG CITY,Virginia
23.46,MADISON,Virginia
22.73,MANASSAS CITY,Virginia
31.46,MARTINSVILLE CITY,Virginia
16.82,MATHEWS,Virginia
19.76,MECKLENBURG,Virginia
22.22,MIDDLESEX,Virginia
20.6,MONTGOMERY,Virginia
26.09,NELSON,Virginia
22.41,NEW KENT,Virginia
24.64,NEWPORT NEWS CITY,Virginia
21.28,NORFOLK CITY,Virginia
20.0,NORTHAMPTON,Virginia
20.0,NORTHUMBERLND,Virginia
28.57,NORTON CITY,Virginia
23.42,NOTTOWAY,Virginia
18.06,ORANGE,Virginia
23.37,PAGE,Virginia
22.73,PATRICK,Virginia
25.13,PETERSBURG CITY,Virginia
23.23,PITTSYLVANIA,Virginia
22.22,POQUOSON,Virginia
24.39,PORTSMOUTH CITY,Virginia
22.28,POWHATAN,Virginia
33.33,PRINCE EDWARD,Virginia
19.23,PRINCE GEORGE,Virginia
22.83,PRINCE WILLIAM,Virginia
31.67,PULASKI,Virginia
22.5,RADFORD CITY,Virginia
16.16,RAPPAHANNOCK,Virginia
20.63,RICHMOND,Virginia
23.25,RICHMOND CITY,Virginia
20.45,ROANOKE,Virginia
21.65,ROANOKE CITY,Virginia
28.13,ROCKBRIDGE,Virginia
26.02,ROCKINGHAM,Virginia
25.53,RUSSELL,Virginia
21.89,SALEM CITY,Virginia
28.87,SCOTT,Virginia
31.71,SHENANDOAH,Virginia
18.93,SMYTH,Virginia
20.65,SOUTHAMPTON,Virginia
19.82,SPOTSYLVANIA,Virginia
18.26,STAFFORD,Virginia
28.03,STAUNTON CITY,Virginia
19.19,SUFFOLK CITY,Virginia
25.0,SURRY,Virginia
26.39,SUSSEX,Virginia
26.22,TAZEWELL,Virginia
22.41,VIRGINIA BEACH CITY,Virginia
25.0,WARREN,Virginia
19.93,WASHINGTON,Virginia
29.55,WAYNESBORO CITY,Virginia
20.39,WESTMORELAND,Virginia
14.14,WILLIAMSBURG CITY,Virginia
27.78,WINCHESTER CITY,Virginia
21.08,WISE,Virginia
25.21,WYTHE,Virginia
16.34,YORK,Virginia
26.47,ADAMS,Washington
25.28,ASOTIN,Washington
24.16,BENTON,Washington
15.93,CHELAN,Washington
18.3,CLALLAM,Washington
19.71,CLARK,Washington
12.5,COLUMBIA,Washington
19.31,COWLITZ,Washington
18.0,DOUGLAS,Washington
10.0,FERRY,Washington
24.71,FRANKLIN,Washington
28.57,GARFIELD,Washington
17.39,GRANT,Washington
18.69,GRAYS HARBOR,Washington
15.05,ISLAND,Washington
14.21,JEFFERSON,Washington
19.37,KING,Washington
18.58,KITSAP,Washington
18.28,KITTITAS,Washington
12.92,KLICKITAT,Washington
21.73,LEWIS,Washington
16.04,LINCOLN,Washington
18.35,MASON,Washington
17.7,OKANOGAN,Washington
18.47,PACIFIC,Washington
16.18,PEND OREILLE,Washington
21.25,PIERCE,Washington
10.49,SAN JUAN,Washington
15.0,SKAGIT,Washington
8.57,SKAMANIA,Washington
21.08,SNOHOMISH,Washington
19.69,SPOKANE,Washington
15.74,STEVENS,Washington
17.84,THURSTON,Washington
15.79,WAHKIAKUM,Washington
18.16,WALLA WALLA,Washington
19.44,WHATCOM,Washington
21.08,WHITMAN,Washington
21.45,YAKIMA,Washington
26.44,BARBOUR,West Virginia
23.28,BERKELEY,West Virginia
29.89,BOONE,West Virginia
21.92,BRAXTON,West Virginia
24.27,BROOKE,West Virginia
25.0,CABELL,West Virginia
5.26,CALHOUN,West Virginia
31.11,CLAY,West Virginia
15.0,DODDRIDGE,West Virginia
21.82,FAYETTE,West Virginia
31.25,GILMER,West Virginia
30.61,GRANT,West Virginia
27.92,GREENBRIER,West Virginia
25.74,HAMPSHIRE,West Virginia
23.2,HANCOCK,West Virginia
29.27,HARDY,West Virginia
26.07,HARRISON,West Virginia
27.38,JACKSON,West Virginia
23.94,JEFFERSON,West Virginia
29.12,KANAWHA,West Virginia
10.53,LEWIS,West Virginia
33.67,LINCOLN,West Virginia
30.89,LOGAN,West Virginia
27.18,MARION,West Virginia
25.41,MARSHALL,West Virginia
26.67,MASON,West Virginia
27.12,MC DOWELL,West Virginia
23.08,MERCER,West Virginia
24.31,MINERAL,West Virginia
30.83,MINGO,West Virginia
22.89,MONONGALIA,West Virginia
17.78,MONROE,West Virginia
21.19,MORGAN,West Virginia
18.12,NICHOLAS,West Virginia
23.59,OHIO,West Virginia
24.39,PENDLETON,West Virginia
40.0,PLEASANTS,West Virginia
24.56,POCAHONTAS,West Virginia
28.24,PRESTON,West Virginia
29.57,PUTNAM,West Virginia
20.87,RALEIGH,West Virginia
20.74,RANDOLPH,West Virginia
21.43,RITCHIE,West Virginia
30.51,ROANE,West Virginia
19.12,SUMMERS,West Virginia
23.44,TAYLOR,West Virginia
28.26,TUCKER,West Virginia
32.5,TYLER,West Virginia
19.2,UPSHUR,West Virginia
27.59,WAYNE,West Virginia
17.07,WEBSTER,West Virginia
19.28,WETZEL,West Virginia
29.41,WIRT,West Virginia
20.19,WOOD,West Virginia
27.84,WYOMING,West Virginia
27.16,ADAMS,Wisconsin
23.96,ASHLAND,Wisconsin
25.56,BARRON,Wisconsin
21.78,BAYFIELD,Wisconsin
26.29,BROWN,Wisconsin
24.11,BUFFALO,Wisconsin
16.81,BURNETT,Wisconsin
24.64,CALUMET,Wisconsin
24.03,CHIPPEWA,Wisconsin
24.07,CLARK,Wisconsin
21.99,COLUMBIA,Wisconsin
22.78,CRAWFORD,Wisconsin
16.08,DANE,Wisconsin
25.0,DODGE,Wisconsin
19.18,DOOR,Wisconsin
20.99,DOUGLAS,Wisconsin
20.79,DUNN,Wisconsin
23.54,EAU CLAIRE,Wisconsin
8.33,FLORENCE,Wisconsin
29.1,FOND DU LAC,Wisconsin
15.09,FOREST,Wisconsin
19.81,GRANT,Wisconsin
28.74,GREEN,Wisconsin
25.68,GREEN LAKE,Wisconsin
13.83,IOWA,Wisconsin
20.75,IRON,Wisconsin
18.75,JACKSON,Wisconsin
19.59,JEFFERSON,Wisconsin
24.03,JUNEAU,Wisconsin
19.52,KENOSHA,Wisconsin
23.19,KEWAUNEE,Wisconsin
28.02,LA CROSSE,Wisconsin
25.4,LAFAYETTE,Wisconsin
14.61,LANGLADE,Wisconsin
32.7,LINCOLN,Wisconsin
27.12,MANITOWOC,Wisconsin
25.92,MARATHON,Wisconsin
26.4,MARINETTE,Wisconsin
23.73,MARQUETTE,Wisconsin
7.14,MENOMONEE,Wisconsin
27.32,MILWAUKEE,Wisconsin
31.25,MONROE,Wisconsin
20.91,OCONTO,Wisconsin
16.83,ONEIDA,Wisconsin
21.51,OUTAGAMIE,Wisconsin
17.49,OZAUKEE,Wisconsin
17.14,PEPIN,Wisconsin
24.68,PIERCE,Wisconsin
20.22,POLK,Wisconsin
16.49,PORTAGE,Wisconsin
26.73,PRICE,Wisconsin
22.77,RACINE,Wisconsin
22.76,RICHLAND,Wisconsin
23.1,ROCK,Wisconsin
25.0,RUSK,Wisconsin
17.61,SAUK,Wisconsin
22.43,SAWYER,Wisconsin
26.67,SHAWANO,Wisconsin
26.43,SHEBOYGAN,Wisconsin
18.9,ST. CROIX,Wisconsin
17.91,TAYLOR,Wisconsin
24.84,TREMPEALEAU,Wisconsin
23.85,VERNON,Wisconsin
24.06,VILAS,Wisconsin
24.45,WALWORTH,Wisconsin
25.71,WASHBURN,Wisconsin
24.95,WASHINGTON,Wisconsin
23.52,WAUKESHA,Wisconsin
18.54,WAUPACA,Wisconsin
28.16,WAUSHARA,Wisconsin
30.45,WINNEBAGO,Wisconsin
22.7,WOOD,Wisconsin
16.56,ALBANY,Wyoming
19.23,BIG HORN,Wyoming
15.73,CAMPBELL,Wyoming
11.83,CARBON,Wyoming
14.46,CONVERSE,Wyoming
7.94,CROOK,Wyoming
11.31,FREMONT,Wyoming
15.52,GOSHEN,Wyoming
4.62,HOT SPRINGS,Wyoming
9.46,JOHNSON,Wyoming
16.92,LARAMIE,Wyoming
14.38,LINCOLN,Wyoming
15.94,NATRONA,Wyoming
8.33,NIOBRARA,Wyoming
15.92,PARK,Wyoming
14.94,PLATTE,Wyoming
13.58,SHERIDAN,Wyoming
11.59,SUBLETTE,Wyoming
17.86,SWEETWATER,Wyoming
9.93,TETON,Wyoming
14.04,UINTA,Wyoming
16.87,WASHAKIE,Wyoming
13.11,WESTON,Wyoming
